"","AÑO","ALCALDIA","ML1","score"
"1",1969,"Azcapotzalco",0.0654949849965347,0.478377132410809
"2",1969,"Coyoacán",0.0970605405691883,0.489487356997263
"3",1969,"Gustavo A. Madero",0.114270162230074,0.495544679868081
"4",1969,"Iztacalco",0.198140134240764,0.525064648967107
"5",1969,"Iztapalapa",-0.231288516738048,0.373917340780153
"6",1969,"Tlalpan",-0.166522688847011,0.396713166177263
"7",1969,"Tláhuac",-0.615215935607637,0.238785239628926
"8",1969,"Xochimilco",-0.132885905778901,0.408552407003941
"9",1969,"Benito Juárez",0.211551236429262,0.529784995387849
"10",1969,"Cuauhtémoc",1.54749163472489,1
"11",1969,"Miguel Hidalgo",-0.0157111772543727,0.449794752533637
"12",1969,"Venustiano Carranza",1.52138436121353,0.990810943549416
"13",1969,"Cuajimalpa",-1.29363505241168,0
"14",1969,"Magdalena Contreras",-0.728164022290686,0.199030558081485
"15",1969,"Milpa Alta",-0.571969755475904,0.254006729162473
"16",1970,"Azcapotzalco",-0.102722046904653,0.439325582136433
"17",1970,"Coyoacán",-0.207849197233547,0.471451025735226
"18",1970,"Gustavo A. Madero",-0.0404565920695828,0.420298096361358
"19",1970,"Iztacalco",-0.189426657847975,0.46582134540882
"20",1970,"Iztapalapa",0.350392189328002,0.300859964126606
"21",1970,"Tlalpan",0.168546944960416,0.356429425710632
"22",1970,"Tláhuac",0.768941686574846,0.172956865592687
"23",1970,"Xochimilco",0.212542279408354,0.342985043065469
"24",1970,"Benito Juárez",-0.533328349471575,0.570913078260128
"25",1970,"Cuauhtémoc",-1.9374703712678,1
"26",1970,"Miguel Hidalgo",-0.518962046697362,0.566522929301916
"27",1970,"Venustiano Carranza",-0.744332741298174,0.635393183233162
"28",1970,"Cuajimalpa",1.33492491895144,0
"29",1970,"Magdalena Contreras",0.717293531929842,0.188739847190104
"30",1970,"Milpa Alta",0.721906451637776,0.187330200952768
"31",1971,"Azcapotzalco",-0.102722046904653,0.439325582136433
"32",1971,"Coyoacán",-0.207849197233547,0.471451025735226
"33",1971,"Gustavo A. Madero",-0.0404565920695828,0.420298096361358
"34",1971,"Iztacalco",-0.189426657847975,0.46582134540882
"35",1971,"Iztapalapa",0.350392189328002,0.300859964126606
"36",1971,"Tlalpan",0.168546944960416,0.356429425710632
"37",1971,"Tláhuac",0.768941686574846,0.172956865592687
"38",1971,"Xochimilco",0.212542279408354,0.342985043065469
"39",1971,"Benito Juárez",-0.533328349471575,0.570913078260128
"40",1971,"Cuauhtémoc",-1.9374703712678,1
"41",1971,"Miguel Hidalgo",-0.518962046697362,0.566522929301916
"42",1971,"Venustiano Carranza",-0.744332741298174,0.635393183233162
"43",1971,"Cuajimalpa",1.33492491895144,0
"44",1971,"Magdalena Contreras",0.717293531929842,0.188739847190104
"45",1971,"Milpa Alta",0.721906451637776,0.187330200952768
"46",1972,"Azcapotzalco",0.111156593186335,0.429645956959508
"47",1972,"Coyoacán",0.199855775541144,0.457123483294756
"48",1972,"Gustavo A. Madero",0.0288307620203578,0.404142788453562
"49",1972,"Iztacalco",0.186105219891945,0.452863790646589
"50",1972,"Iztapalapa",-0.402273829783935,0.270593780897163
"51",1972,"Tlalpan",-0.142808405332678,0.35097183900515
"52",1972,"Tláhuac",-0.863932196775093,0.127579723719675
"53",1972,"Xochimilco",-0.250225948417468,0.317695676918635
"54",1972,"Benito Juárez",0.537271727613691,0.561649313892827
"55",1972,"Cuauhtémoc",1.95229529880391,1
"56",1972,"Miguel Hidalgo",0.581986163208233,0.575501099771754
"57",1972,"Venustiano Carranza",0.748891971966074,0.627205733725472
"58",1972,"Cuajimalpa",-1.27576756510195,0
"59",1972,"Magdalena Contreras",-0.599333039940972,0.209548126439678
"60",1972,"Milpa Alta",-0.812052526879595,0.143651179599789
"61",1973,"Azcapotzalco",0.111156593186335,0.429645956959508
"62",1973,"Coyoacán",0.199855775541144,0.457123483294756
"63",1973,"Gustavo A. Madero",0.0288307620203578,0.404142788453562
"64",1973,"Iztacalco",0.186105219891945,0.452863790646589
"65",1973,"Iztapalapa",-0.402273829783935,0.270593780897163
"66",1973,"Tlalpan",-0.142808405332678,0.35097183900515
"67",1973,"Tláhuac",-0.863932196775093,0.127579723719675
"68",1973,"Xochimilco",-0.250225948417468,0.317695676918635
"69",1973,"Benito Juárez",0.537271727613691,0.561649313892827
"70",1973,"Cuauhtémoc",1.95229529880391,1
"71",1973,"Miguel Hidalgo",0.581986163208233,0.575501099771754
"72",1973,"Venustiano Carranza",0.748891971966074,0.627205733725472
"73",1973,"Cuajimalpa",-1.27576756510195,0
"74",1973,"Magdalena Contreras",-0.599333039940972,0.209548126439678
"75",1973,"Milpa Alta",-0.812052526879595,0.143651179599789
"76",1974,"Azcapotzalco",0.111156593186335,0.429645956959508
"77",1974,"Coyoacán",0.199855775541144,0.457123483294756
"78",1974,"Gustavo A. Madero",0.0288307620203578,0.404142788453562
"79",1974,"Iztacalco",0.186105219891945,0.452863790646589
"80",1974,"Iztapalapa",-0.402273829783935,0.270593780897163
"81",1974,"Tlalpan",-0.142808405332678,0.35097183900515
"82",1974,"Tláhuac",-0.863932196775093,0.127579723719675
"83",1974,"Xochimilco",-0.250225948417468,0.317695676918635
"84",1974,"Benito Juárez",0.537271727613691,0.561649313892827
"85",1974,"Cuauhtémoc",1.95229529880391,1
"86",1974,"Miguel Hidalgo",0.581986163208233,0.575501099771754
"87",1974,"Venustiano Carranza",0.748891971966074,0.627205733725472
"88",1974,"Cuajimalpa",-1.27576756510195,0
"89",1974,"Magdalena Contreras",-0.599333039940972,0.209548126439678
"90",1974,"Milpa Alta",-0.812052526879595,0.143651179599789
"91",1975,"Azcapotzalco",0.111156593186335,0.429645956959508
"92",1975,"Coyoacán",0.199855775541144,0.457123483294756
"93",1975,"Gustavo A. Madero",0.0288307620203578,0.404142788453562
"94",1975,"Iztacalco",0.186105219891945,0.452863790646589
"95",1975,"Iztapalapa",-0.402273829783935,0.270593780897163
"96",1975,"Tlalpan",-0.142808405332678,0.35097183900515
"97",1975,"Tláhuac",-0.863932196775093,0.127579723719675
"98",1975,"Xochimilco",-0.250225948417468,0.317695676918635
"99",1975,"Benito Juárez",0.537271727613691,0.561649313892827
"100",1975,"Cuauhtémoc",1.95229529880391,1
"101",1975,"Miguel Hidalgo",0.581986163208233,0.575501099771754
"102",1975,"Venustiano Carranza",0.748891971966074,0.627205733725472
"103",1975,"Cuajimalpa",-1.27576756510195,0
"104",1975,"Magdalena Contreras",-0.599333039940972,0.209548126439678
"105",1975,"Milpa Alta",-0.812052526879595,0.143651179599789
"106",1976,"Azcapotzalco",0.111156593186335,0.429645956959508
"107",1976,"Coyoacán",0.199855775541144,0.457123483294756
"108",1976,"Gustavo A. Madero",0.0288307620203578,0.404142788453562
"109",1976,"Iztacalco",0.186105219891945,0.452863790646589
"110",1976,"Iztapalapa",-0.402273829783935,0.270593780897163
"111",1976,"Tlalpan",-0.142808405332678,0.35097183900515
"112",1976,"Tláhuac",-0.863932196775093,0.127579723719675
"113",1976,"Xochimilco",-0.250225948417468,0.317695676918635
"114",1976,"Benito Juárez",0.537271727613691,0.561649313892827
"115",1976,"Cuauhtémoc",1.95229529880391,1
"116",1976,"Miguel Hidalgo",0.581986163208233,0.575501099771754
"117",1976,"Venustiano Carranza",0.748891971966074,0.627205733725472
"118",1976,"Cuajimalpa",-1.27576756510195,0
"119",1976,"Magdalena Contreras",-0.599333039940972,0.209548126439678
"120",1976,"Milpa Alta",-0.812052526879595,0.143651179599789
"121",1977,"Azcapotzalco",0.111156593186335,0.429645956959508
"122",1977,"Coyoacán",0.199855775541144,0.457123483294756
"123",1977,"Gustavo A. Madero",0.0288307620203578,0.404142788453562
"124",1977,"Iztacalco",0.186105219891945,0.452863790646589
"125",1977,"Iztapalapa",-0.402273829783935,0.270593780897163
"126",1977,"Tlalpan",-0.142808405332678,0.35097183900515
"127",1977,"Tláhuac",-0.863932196775093,0.127579723719675
"128",1977,"Xochimilco",-0.250225948417468,0.317695676918635
"129",1977,"Benito Juárez",0.537271727613691,0.561649313892827
"130",1977,"Cuauhtémoc",1.95229529880391,1
"131",1977,"Miguel Hidalgo",0.581986163208233,0.575501099771754
"132",1977,"Venustiano Carranza",0.748891971966074,0.627205733725472
"133",1977,"Cuajimalpa",-1.27576756510195,0
"134",1977,"Magdalena Contreras",-0.599333039940972,0.209548126439678
"135",1977,"Milpa Alta",-0.812052526879595,0.143651179599789
"136",1978,"Azcapotzalco",-0.104313693237305,0.428170500377146
"137",1978,"Coyoacán",-0.194038415225283,0.455816341222932
"138",1978,"Gustavo A. Madero",-0.106773857907766,0.428928522463223
"139",1978,"Iztacalco",-0.179834778890973,0.451439939036003
"140",1978,"Iztapalapa",0.410118271627679,0.269664528873017
"141",1978,"Tlalpan",0.150146711425224,0.349766558932812
"142",1978,"Tláhuac",0.872677189452798,0.127141599398734
"143",1978,"Xochimilco",0.257773792482082,0.316604671242672
"144",1978,"Benito Juárez",-0.533391333083583,0.560377230906387
"145",1978,"Cuauhtémoc",-1.96018934427599,1
"146",1978,"Miguel Hidalgo",-0.579045507851022,0.574444123749315
"147",1978,"Venustiano Carranza",-0.746703155208427,0.62610253553066
"148",1978,"Cuajimalpa",1.28531591955303,0
"149",1978,"Magdalena Contreras",0.607561882564027,0.208828512633313
"150",1978,"Milpa Alta",0.820696318575513,0.143157863940533
"151",1979,"Azcapotzalco",-0.0868281509552168,0.42648824313127
"152",1979,"Coyoacán",-0.178046796734284,0.454325485840325
"153",1979,"Gustavo A. Madero",-0.336312735113077,0.502623586536727
"154",1979,"Iztacalco",-0.163270737239001,0.449816267895456
"155",1979,"Iztapalapa",0.430532451847831,0.26860503246387
"156",1979,"Tlalpan",0.169080885296575,0.348392346259095
"157",1979,"Tláhuac",0.895724696697423,0.126642067374336
"158",1979,"Xochimilco",0.27732068246416,0.315360749716534
"159",1979,"Benito Juárez",-0.520806322927489,0.558925592978405
"160",1979,"Cuauhtémoc",-1.96614379822376,1
"161",1979,"Miguel Hidalgo",-0.567703529851445,0.573237238589554
"162",1979,"Venustiano Carranza",-0.736807207122755,0.624842697835205
"163",1979,"Cuajimalpa",1.3107125604484,0
"164",1979,"Magdalena Contreras",0.629100100342319,0.208008037429595
"165",1979,"Milpa Alta",0.843447901070312,0.142595404934818
"166",1980,"Azcapotzalco",-0.0715077953677006,0.429038027262353
"167",1980,"Coyoacán",-0.185697388761902,0.464109898759421
"168",1980,"Gustavo A. Madero",-0.305852892203451,0.50101412313843
"169",1980,"Iztacalco",-0.144158995689783,0.451351913195966
"170",1980,"Iztapalapa",0.445613304245007,0.270210902872576
"171",1980,"Tlalpan",0.164061485703122,0.356685938873256
"172",1980,"Tláhuac",0.910590196348064,0.127399204151068
"173",1980,"Xochimilco",0.292472461614101,0.317246151830529
"174",1980,"Benito Juárez",-0.785838392888544,0.648435523811688
"175",1980,"Cuauhtémoc",-1.93048801876168,1
"176",1980,"Miguel Hidalgo",-0.525868574009742,0.568589122665853
"177",1980,"Venustiano Carranza",-0.691137969461428,0.619349501325489
"178",1980,"Cuajimalpa",1.32538594860702,0
"179",1980,"Magdalena Contreras",0.644089029262804,0.209251625269395
"180",1980,"Milpa Alta",0.858337601364114,0.143447919644248
"181",1981,"Azcapotzalco",-0.0235560546754369,0.462567688163137
"182",1981,"Coyoacán",-0.123507029040598,0.494201885626822
"183",1981,"Gustavo A. Madero",-0.654210796129546,0.662168109762656
"184",1981,"Iztacalco",-0.125968107889474,0.494980810042253
"185",1981,"Iztapalapa",0.424873712425713,0.320640949667861
"186",1981,"Tlalpan",0.222872843831105,0.384573646728042
"187",1981,"Tláhuac",0.881201328370301,0.17621456460647
"188",1981,"Xochimilco",0.335127700202879,0.349045305806134
"189",1981,"Benito Juárez",-0.682043206255195,0.67097698794916
"190",1981,"Cuauhtémoc",-1.72161978096657,1
"191",1981,"Miguel Hidalgo",-0.429799544801448,0.591142590675167
"192",1981,"Venustiano Carranza",-1.12892130236843,0.812412627015518
"193",1981,"Cuajimalpa",1.43796643834244,0
"194",1981,"Magdalena Contreras",0.725148604960136,0.225604805156479
"195",1981,"Milpa Alta",0.862435193994127,0.182153992453537
"196",1982,"Azcapotzalco",-0.00781671062916806,0.480391669662898
"197",1982,"Coyoacán",-0.107862570877176,0.5132407413205
"198",1982,"Gustavo A. Madero",-0.962870572066627,0.793974187254905
"199",1982,"Iztacalco",-0.167439410665611,0.532802209176265
"200",1982,"Iztapalapa",0.44019378929305,0.333291839856637
"201",1982,"Tlalpan",0.238234436591272,0.399603201789833
"202",1982,"Tláhuac",0.898273798502367,0.18288578597165
"203",1982,"Xochimilco",0.34399935843594,0.364876332652783
"204",1982,"Benito Juárez",-0.623459502071914,0.682531909363535
"205",1982,"Cuauhtémoc",-1.5903473508391,1
"206",1982,"Miguel Hidalgo",-0.380480869991111,0.602752271538418
"207",1982,"Venustiano Carranza",-1.15735386668212,0.857830859237074
"208",1982,"Cuajimalpa",1.45527479918156,0
"209",1982,"Magdalena Contreras",0.74215495854394,0.234145867580056
"210",1982,"Milpa Alta",0.879499713274698,0.189050071724412
"211",1983,"Azcapotzalco",-0.383899881579602,0.617426943968168
"212",1983,"Coyoacán",-0.245515866532788,0.572479713413133
"213",1983,"Gustavo A. Madero",-0.987364394964055,0.813432664756785
"214",1983,"Iztacalco",-0.109536669655949,0.528313569580376
"215",1983,"Iztapalapa",0.501070497575795,0.32998790953331
"216",1983,"Tlalpan",0.255633180115301,0.409706131981
"217",1983,"Tláhuac",0.95955182588079,0.181072834612754
"218",1983,"Xochimilco",0.404791791785869,0.36125930446441
"219",1983,"Benito Juárez",-0.641978826696956,0.701251176439426
"220",1983,"Cuauhtémoc",-1.5617699057981,1
"221",1983,"Miguel Hidalgo",-0.332228675239054,0.600644097888296
"222",1983,"Venustiano Carranza",-1.11985138890741,0.856464538490909
"223",1983,"Cuajimalpa",1.51704080929966,0
"224",1983,"Magdalena Contreras",0.803296211842704,0.231824773753359
"225",1983,"Milpa Alta",0.940761292873794,0.187176013647065
"226",1984,"Azcapotzalco",0.380802553095062,0.61354761822269
"227",1984,"Coyoacán",0.218444366199587,0.558343479746175
"228",1984,"Gustavo A. Madero",0.944858475766951,0.805334813307121
"229",1984,"Iztacalco",0.091743625380829,0.515263390130869
"230",1984,"Iztapalapa",-0.568790596301285,0.290672174008878
"231",1984,"Tlalpan",-0.283922840169821,0.38753134297151
"232",1984,"Tláhuac",-1.07666411536602,0.117987811051226
"233",1984,"Xochimilco",-0.462140555221778,0.32693473488651
"234",1984,"Benito Juárez",0.617838253576587,0.694143194482013
"235",1984,"Cuauhtémoc",1.51737871854858,1
"236",1984,"Miguel Hidalgo",0.677394851878437,0.714393301746158
"237",1984,"Venustiano Carranza",1.14233495969048,0.872479682148185
"238",1984,"Cuajimalpa",-1.4236722855269,0
"239",1984,"Magdalena Contreras",-0.719756107149408,0.239341710634076
"240",1984,"Milpa Alta",-1.0558493044013,0.125065148688648
"241",1985,"Azcapotzalco",-0.362380468874404,0.618572427110388
"242",1985,"Coyoacán",-0.202044232613004,0.563411575149205
"243",1985,"Gustavo A. Madero",-0.910143896334838,0.807020765654616
"244",1985,"Iztacalco",-0.0791104413528002,0.52111837419321
"245",1985,"Iztapalapa",0.57936309597163,0.294582176514893
"246",1985,"Tlalpan",0.29090892566928,0.393819742249524
"247",1985,"Tláhuac",1.08805724223667,0.119574934546836
"248",1985,"Xochimilco",0.472540728670461,0.331332526443505
"249",1985,"Benito Juárez",-0.769990366912281,0.758803417732646
"250",1985,"Cuauhtémoc",-1.47107729405174,1
"251",1985,"Miguel Hidalgo",-0.764719258560199,0.756989985945421
"252",1985,"Venustiano Carranza",-1.10481148249587,0.873992712559764
"253",1985,"Cuajimalpa",1.43562611173009,0
"254",1985,"Magdalena Contreras",0.730572538428429,0.242561236863458
"255",1985,"Milpa Alta",1.06720879848857,0.126747473618632
"256",1986,"Azcapotzalco",-0.348728096444442,0.626899769219843
"257",1986,"Coyoacán",-0.19115389825699,0.571405617304404
"258",1986,"Gustavo A. Madero",-1.09146253390837,0.888474431693574
"259",1986,"Iztacalco",-0.0759199325637204,0.530822760012035
"260",1986,"Iztapalapa",0.576476435049936,0.301063170244906
"261",1986,"Tlalpan",0.288494560904713,0.402484025032925
"262",1986,"Tláhuac",1.0843376785,0.122205658544579
"263",1986,"Xochimilco",0.46982897176738,0.338622051057093
"264",1986,"Benito Juárez",-0.738174003051487,0.764054014982767
"265",1986,"Cuauhtémoc",-1.40813647876049,1
"266",1986,"Miguel Hidalgo",-0.730412011354719,0.761320412963264
"267",1986,"Venustiano Carranza",-1.05744982075329,0.876495905433591
"268",1986,"Cuajimalpa",1.43133746126043,0
"269",1986,"Magdalena Contreras",0.727438296969005,0.247897737102049
"270",1986,"Milpa Alta",1.06352337064204,0.129535998000981
"271",1987,"Azcapotzalco",0.317894915652871,0.616530886563844
"272",1987,"Coyoacán",0.170798018711936,0.564787565233012
"273",1987,"Gustavo A. Madero",0.971020213173305,0.846276536143828
"274",1987,"Iztacalco",0.0937842432173121,0.537696928957259
"275",1987,"Iztapalapa",-0.542607703381818,0.313837461694297
"276",1987,"Tlalpan",-0.283819195682905,0.404869816482639
"277",1987,"Tláhuac",-1.04944893088842,0.135549210589191
"278",1987,"Xochimilco",-0.447886949178124,0.34715676701879
"279",1987,"Benito Juárez",0.667246403632999,0.739419993512296
"280",1987,"Cuauhtémoc",1.40802819678685,1
"281",1987,"Miguel Hidalgo",0.650054477322705,0.73337250110512
"282",1987,"Venustiano Carranza",1.24368391676057,0.942189678591935
"283",1987,"Cuajimalpa",-1.43479080202537,0
"284",1987,"Magdalena Contreras",-0.726290985324236,0.249224385019643
"285",1987,"Milpa Alta",-1.03766581877768,0.139694079508268
"286",1988,"Azcapotzalco",-0.489806102669749,0.668200272733613
"287",1988,"Coyoacán",-0.152823984953749,0.552025085952435
"288",1988,"Gustavo A. Madero",-0.929569749367994,0.81980957515303
"289",1988,"Iztacalco",-0.0803721710229793,0.52704719373343
"290",1988,"Iztapalapa",0.554261327257247,0.308256162031165
"291",1988,"Tlalpan",0.294905364484602,0.397669593290202
"292",1988,"Tláhuac",1.06221392415456,0.133138597275806
"293",1988,"Xochimilco",0.459332875373936,0.34098291531748
"294",1988,"Benito Juárez",-0.640193907605552,0.720046737010251
"295",1988,"Cuauhtémoc",-1.45223687510672,1
"296",1988,"Miguel Hidalgo",-0.666340246171775,0.729060733916564
"297",1988,"Venustiano Carranza",-1.19652355601391,0.911842376653712
"298",1988,"Cuajimalpa",1.44840074857727,0
"299",1988,"Magdalena Contreras",0.738347378284059,0.244792167244732
"300",1988,"Milpa Alta",1.05040497478076,0.1372097536579
"301",1989,"Azcapotzalco",-0.489806102669749,0.668200272733613
"302",1989,"Coyoacán",-0.152823984953749,0.552025085952435
"303",1989,"Gustavo A. Madero",-0.929569749367994,0.81980957515303
"304",1989,"Iztacalco",-0.0803721710229793,0.52704719373343
"305",1989,"Iztapalapa",0.554261327257247,0.308256162031165
"306",1989,"Tlalpan",0.294905364484602,0.397669593290202
"307",1989,"Tláhuac",1.06221392415456,0.133138597275806
"308",1989,"Xochimilco",0.459332875373936,0.34098291531748
"309",1989,"Benito Juárez",-0.640193907605552,0.720046737010251
"310",1989,"Cuauhtémoc",-1.45223687510672,1
"311",1989,"Miguel Hidalgo",-0.666340246171775,0.729060733916564
"312",1989,"Venustiano Carranza",-1.19652355601391,0.911842376653712
"313",1989,"Cuajimalpa",1.44840074857727,0
"314",1989,"Magdalena Contreras",0.738347378284059,0.244792167244732
"315",1989,"Milpa Alta",1.05040497478076,0.1372097536579
"316",1990,"Azcapotzalco",-0.489806102669749,0.668200272733613
"317",1990,"Coyoacán",-0.152823984953749,0.552025085952435
"318",1990,"Gustavo A. Madero",-0.929569749367994,0.81980957515303
"319",1990,"Iztacalco",-0.0803721710229793,0.52704719373343
"320",1990,"Iztapalapa",0.554261327257247,0.308256162031165
"321",1990,"Tlalpan",0.294905364484602,0.397669593290202
"322",1990,"Tláhuac",1.06221392415456,0.133138597275806
"323",1990,"Xochimilco",0.459332875373936,0.34098291531748
"324",1990,"Benito Juárez",-0.640193907605552,0.720046737010251
"325",1990,"Cuauhtémoc",-1.45223687510672,1
"326",1990,"Miguel Hidalgo",-0.666340246171775,0.729060733916564
"327",1990,"Venustiano Carranza",-1.19652355601391,0.911842376653712
"328",1990,"Cuajimalpa",1.44840074857727,0
"329",1990,"Magdalena Contreras",0.738347378284059,0.244792167244732
"330",1990,"Milpa Alta",1.05040497478076,0.1372097536579
"331",1991,"Azcapotzalco",0.381081928126639,0.694288655905823
"332",1991,"Coyoacán",0.0220656707758654,0.582047094452196
"333",1991,"Gustavo A. Madero",0.81917492836152,0.831252488048454
"334",1991,"Iztacalco",0.13311656289966,0.616765649051284
"335",1991,"Iztapalapa",0.0349019496473082,0.586060182868906
"336",1991,"Tlalpan",-0.46858850197371,0.428650724913024
"337",1991,"Tláhuac",-0.386572064825058,0.454292051125818
"338",1991,"Xochimilco",-0.550591488066731,0.403013603990257
"339",1991,"Benito Juárez",0.534918703669065,0.742383636404164
"340",1991,"Cuauhtémoc",1.35893131978636,1
"341",1991,"Miguel Hidalgo",0.549384282050555,0.746906103205109
"342",1991,"Venustiano Carranza",1.11366129277317,0.923319654065593
"343",1991,"Cuajimalpa",-1.83967223402381,0
"344",1991,"Magdalena Contreras",-0.995678718035752,0.263863120824304
"345",1991,"Milpa Alta",-0.706133631165079,0.354385463465288
"346",1992,"Azcapotzalco",0.381081928126639,0.694288655905823
"347",1992,"Coyoacán",0.0220656707758654,0.582047094452196
"348",1992,"Gustavo A. Madero",0.81917492836152,0.831252488048454
"349",1992,"Iztacalco",0.13311656289966,0.616765649051284
"350",1992,"Iztapalapa",0.0349019496473082,0.586060182868906
"351",1992,"Tlalpan",-0.46858850197371,0.428650724913024
"352",1992,"Tláhuac",-0.386572064825058,0.454292051125818
"353",1992,"Xochimilco",-0.550591488066731,0.403013603990257
"354",1992,"Benito Juárez",0.534918703669065,0.742383636404164
"355",1992,"Cuauhtémoc",1.35893131978636,1
"356",1992,"Miguel Hidalgo",0.549384282050555,0.746906103205109
"357",1992,"Venustiano Carranza",1.11366129277317,0.923319654065593
"358",1992,"Cuajimalpa",-1.83967223402381,0
"359",1992,"Magdalena Contreras",-0.995678718035752,0.263863120824304
"360",1992,"Milpa Alta",-0.706133631165079,0.354385463465288
"361",1993,"Azcapotzalco",0.381081928126639,0.694288655905823
"362",1993,"Coyoacán",0.0220656707758654,0.582047094452196
"363",1993,"Gustavo A. Madero",0.81917492836152,0.831252488048454
"364",1993,"Iztacalco",0.13311656289966,0.616765649051284
"365",1993,"Iztapalapa",0.0349019496473082,0.586060182868906
"366",1993,"Tlalpan",-0.46858850197371,0.428650724913024
"367",1993,"Tláhuac",-0.386572064825058,0.454292051125818
"368",1993,"Xochimilco",-0.550591488066731,0.403013603990257
"369",1993,"Benito Juárez",0.534918703669065,0.742383636404164
"370",1993,"Cuauhtémoc",1.35893131978636,1
"371",1993,"Miguel Hidalgo",0.549384282050555,0.746906103205109
"372",1993,"Venustiano Carranza",1.11366129277317,0.923319654065593
"373",1993,"Cuajimalpa",-1.83967223402381,0
"374",1993,"Magdalena Contreras",-0.995678718035752,0.263863120824304
"375",1993,"Milpa Alta",-0.706133631165079,0.354385463465288
"376",1994,"Azcapotzalco",-0.300571147864051,0.641634701481901
"377",1994,"Coyoacán",0.00721073732609767,0.550353679237167
"378",1994,"Gustavo A. Madero",-0.679178854644053,0.753921032054156
"379",1994,"Iztacalco",-0.21944254886979,0.617573826538257
"380",1994,"Iztapalapa",-0.37014939769649,0.662270008744317
"381",1994,"Tlalpan",0.490212360626464,0.40710651609277
"382",1994,"Tláhuac",0.392222146954352,0.436168157808442
"383",1994,"Xochimilco",0.47183125213534,0.412557929752234
"384",1994,"Benito Juárez",-0.438127304141913,0.682430690996821
"385",1994,"Cuauhtémoc",-1.5089093593809,1
"386",1994,"Miguel Hidalgo",-0.441889017999522,0.683546328735223
"387",1994,"Venustiano Carranza",-0.952221484348406,0.83489919079279
"388",1994,"Cuajimalpa",1.86289649490669,0
"389",1994,"Magdalena Contreras",1.02038905647163,0.249868312365533
"390",1994,"Milpa Alta",0.665727066524552,0.355052894537156
"391",1995,"Azcapotzalco",-0.300571147864051,0.641634701481901
"392",1995,"Coyoacán",0.00721073732609767,0.550353679237167
"393",1995,"Gustavo A. Madero",-0.679178854644053,0.753921032054156
"394",1995,"Iztacalco",-0.21944254886979,0.617573826538257
"395",1995,"Iztapalapa",-0.37014939769649,0.662270008744317
"396",1995,"Tlalpan",0.490212360626464,0.40710651609277
"397",1995,"Tláhuac",0.392222146954352,0.436168157808442
"398",1995,"Xochimilco",0.47183125213534,0.412557929752234
"399",1995,"Benito Juárez",-0.438127304141913,0.682430690996821
"400",1995,"Cuauhtémoc",-1.5089093593809,1
"401",1995,"Miguel Hidalgo",-0.441889017999522,0.683546328735223
"402",1995,"Venustiano Carranza",-0.952221484348406,0.83489919079279
"403",1995,"Cuajimalpa",1.86289649490669,0
"404",1995,"Magdalena Contreras",1.02038905647163,0.249868312365533
"405",1995,"Milpa Alta",0.665727066524552,0.355052894537156
"406",1996,"Azcapotzalco",-0.300571147864051,0.641634701481901
"407",1996,"Coyoacán",0.00721073732609767,0.550353679237167
"408",1996,"Gustavo A. Madero",-0.679178854644053,0.753921032054156
"409",1996,"Iztacalco",-0.21944254886979,0.617573826538257
"410",1996,"Iztapalapa",-0.37014939769649,0.662270008744317
"411",1996,"Tlalpan",0.490212360626464,0.40710651609277
"412",1996,"Tláhuac",0.392222146954352,0.436168157808442
"413",1996,"Xochimilco",0.47183125213534,0.412557929752234
"414",1996,"Benito Juárez",-0.438127304141913,0.682430690996821
"415",1996,"Cuauhtémoc",-1.5089093593809,1
"416",1996,"Miguel Hidalgo",-0.441889017999522,0.683546328735223
"417",1996,"Venustiano Carranza",-0.952221484348406,0.83489919079279
"418",1996,"Cuajimalpa",1.86289649490669,0
"419",1996,"Magdalena Contreras",1.02038905647163,0.249868312365533
"420",1996,"Milpa Alta",0.665727066524552,0.355052894537156
"421",1997,"Azcapotzalco",-0.300571147864051,0.641634701481901
"422",1997,"Coyoacán",0.00721073732609767,0.550353679237167
"423",1997,"Gustavo A. Madero",-0.679178854644053,0.753921032054156
"424",1997,"Iztacalco",-0.21944254886979,0.617573826538257
"425",1997,"Iztapalapa",-0.37014939769649,0.662270008744317
"426",1997,"Tlalpan",0.490212360626464,0.40710651609277
"427",1997,"Tláhuac",0.392222146954352,0.436168157808442
"428",1997,"Xochimilco",0.47183125213534,0.412557929752234
"429",1997,"Benito Juárez",-0.438127304141913,0.682430690996821
"430",1997,"Cuauhtémoc",-1.5089093593809,1
"431",1997,"Miguel Hidalgo",-0.441889017999522,0.683546328735223
"432",1997,"Venustiano Carranza",-0.952221484348406,0.83489919079279
"433",1997,"Cuajimalpa",1.86289649490669,0
"434",1997,"Magdalena Contreras",1.02038905647163,0.249868312365533
"435",1997,"Milpa Alta",0.665727066524552,0.355052894537156
"436",1998,"Azcapotzalco",-0.300571147864051,0.641634701481901
"437",1998,"Coyoacán",0.00721073732609767,0.550353679237167
"438",1998,"Gustavo A. Madero",-0.679178854644053,0.753921032054156
"439",1998,"Iztacalco",-0.21944254886979,0.617573826538257
"440",1998,"Iztapalapa",-0.37014939769649,0.662270008744317
"441",1998,"Tlalpan",0.490212360626464,0.40710651609277
"442",1998,"Tláhuac",0.392222146954352,0.436168157808442
"443",1998,"Xochimilco",0.47183125213534,0.412557929752234
"444",1998,"Benito Juárez",-0.438127304141913,0.682430690996821
"445",1998,"Cuauhtémoc",-1.5089093593809,1
"446",1998,"Miguel Hidalgo",-0.441889017999522,0.683546328735223
"447",1998,"Venustiano Carranza",-0.952221484348406,0.83489919079279
"448",1998,"Cuajimalpa",1.86289649490669,0
"449",1998,"Magdalena Contreras",1.02038905647163,0.249868312365533
"450",1998,"Milpa Alta",0.665727066524552,0.355052894537156
"451",1999,"Azcapotzalco",-0.263799532950383,0.627936818683694
"452",1999,"Coyoacán",0.0164007388965653,0.543982725067262
"453",1999,"Gustavo A. Madero",-0.718209407529703,0.764087896979226
"454",1999,"Iztacalco",-0.193179615664471,0.606777556032283
"455",1999,"Iztapalapa",-0.317223772441129,0.643943882395762
"456",1999,"Tlalpan",0.470116722329389,0.408039551645942
"457",1999,"Tláhuac",0.372899988220699,0.437167798890837
"458",1999,"Xochimilco",0.45188070395735,0.413503459241411
"459",1999,"Benito Juárez",-0.38466509957491,0.664150770328042
"460",1999,"Cuauhtémoc",-1.50557584257711,1
"461",1999,"Miguel Hidalgo",-0.378207881759283,0.662216047476342
"462",1999,"Venustiano Carranza",-1.02275717787692,0.855337030514584
"463",1999,"Cuajimalpa",1.83196566108229,0
"464",1999,"Magdalena Contreras",0.99610850190718,0.250440978264585
"465",1999,"Milpa Alta",0.64424601398043,0.355866629912948
"466",2000,"Azcapotzalco",-0.263662900727986,0.627912680488596
"467",2000,"Coyoacán",0.016541744129995,0.543956613405657
"468",2000,"Gustavo A. Madero",-0.719735187033223,0.764562932960744
"469",2000,"Iztacalco",-0.193038375560778,0.606751870054336
"470",2000,"Iztapalapa",-0.317097672300109,0.643923026316177
"471",2000,"Tlalpan",0.470250136679421,0.408014640494116
"472",2000,"Tláhuac",0.37304010565677,0.437141109435445
"473",2000,"Xochimilco",0.45201537567939,0.413478214513511
"474",2000,"Benito Juárez",-0.38453434935978,0.66412868060125
"475",2000,"Cuauhtémoc",-1.50550996244008,1
"476",2000,"Miguel Hidalgo",-0.378087053887748,0.662196915439299
"477",2000,"Venustiano Carranza",-1.02276010818866,0.855356504998861
"478",2000,"Cuajimalpa",1.83200517605696,0
"479",2000,"Magdalena Contreras",0.996205649166095,0.250425688635901
"480",2000,"Milpa Alta",0.644367422129735,0.355844903961108
"481",2001,"Azcapotzalco",-0.263662900727986,0.627912680488596
"482",2001,"Coyoacán",0.016541744129995,0.543956613405657
"483",2001,"Gustavo A. Madero",-0.719735187033223,0.764562932960744
"484",2001,"Iztacalco",-0.193038375560778,0.606751870054336
"485",2001,"Iztapalapa",-0.317097672300109,0.643923026316177
"486",2001,"Tlalpan",0.470250136679421,0.408014640494116
"487",2001,"Tláhuac",0.37304010565677,0.437141109435445
"488",2001,"Xochimilco",0.45201537567939,0.413478214513511
"489",2001,"Benito Juárez",-0.38453434935978,0.66412868060125
"490",2001,"Cuauhtémoc",-1.50550996244008,1
"491",2001,"Miguel Hidalgo",-0.378087053887748,0.662196915439299
"492",2001,"Venustiano Carranza",-1.02276010818866,0.855356504998861
"493",2001,"Cuajimalpa",1.83200517605696,0
"494",2001,"Magdalena Contreras",0.996205649166095,0.250425688635901
"495",2001,"Milpa Alta",0.644367422129735,0.355844903961108
"496",2002,"Azcapotzalco",-0.263662900727986,0.627912680488596
"497",2002,"Coyoacán",0.016541744129995,0.543956613405657
"498",2002,"Gustavo A. Madero",-0.719735187033223,0.764562932960744
"499",2002,"Iztacalco",-0.193038375560778,0.606751870054336
"500",2002,"Iztapalapa",-0.317097672300109,0.643923026316177
"501",2002,"Tlalpan",0.470250136679421,0.408014640494116
"502",2002,"Tláhuac",0.37304010565677,0.437141109435445
"503",2002,"Xochimilco",0.45201537567939,0.413478214513511
"504",2002,"Benito Juárez",-0.38453434935978,0.66412868060125
"505",2002,"Cuauhtémoc",-1.50550996244008,1
"506",2002,"Miguel Hidalgo",-0.378087053887748,0.662196915439299
"507",2002,"Venustiano Carranza",-1.02276010818866,0.855356504998861
"508",2002,"Cuajimalpa",1.83200517605696,0
"509",2002,"Magdalena Contreras",0.996205649166095,0.250425688635901
"510",2002,"Milpa Alta",0.644367422129735,0.355844903961108
"511",2003,"Azcapotzalco",-0.263662900727986,0.627912680488596
"512",2003,"Coyoacán",0.016541744129995,0.543956613405657
"513",2003,"Gustavo A. Madero",-0.719735187033223,0.764562932960744
"514",2003,"Iztacalco",-0.193038375560778,0.606751870054336
"515",2003,"Iztapalapa",-0.317097672300109,0.643923026316177
"516",2003,"Tlalpan",0.470250136679421,0.408014640494116
"517",2003,"Tláhuac",0.37304010565677,0.437141109435445
"518",2003,"Xochimilco",0.45201537567939,0.413478214513511
"519",2003,"Benito Juárez",-0.38453434935978,0.66412868060125
"520",2003,"Cuauhtémoc",-1.50550996244008,1
"521",2003,"Miguel Hidalgo",-0.378087053887748,0.662196915439299
"522",2003,"Venustiano Carranza",-1.02276010818866,0.855356504998861
"523",2003,"Cuajimalpa",1.83200517605696,0
"524",2003,"Magdalena Contreras",0.996205649166095,0.250425688635901
"525",2003,"Milpa Alta",0.644367422129735,0.355844903961108
"526",2004,"Azcapotzalco",-0.263662900727986,0.627912680488596
"527",2004,"Coyoacán",0.016541744129995,0.543956613405657
"528",2004,"Gustavo A. Madero",-0.719735187033223,0.764562932960744
"529",2004,"Iztacalco",-0.193038375560778,0.606751870054336
"530",2004,"Iztapalapa",-0.317097672300109,0.643923026316177
"531",2004,"Tlalpan",0.470250136679421,0.408014640494116
"532",2004,"Tláhuac",0.37304010565677,0.437141109435445
"533",2004,"Xochimilco",0.45201537567939,0.413478214513511
"534",2004,"Benito Juárez",-0.38453434935978,0.66412868060125
"535",2004,"Cuauhtémoc",-1.50550996244008,1
"536",2004,"Miguel Hidalgo",-0.378087053887748,0.662196915439299
"537",2004,"Venustiano Carranza",-1.02276010818866,0.855356504998861
"538",2004,"Cuajimalpa",1.83200517605696,0
"539",2004,"Magdalena Contreras",0.996205649166095,0.250425688635901
"540",2004,"Milpa Alta",0.644367422129735,0.355844903961108
"541",2005,"Azcapotzalco",-0.207973570057559,0.584067677149634
"542",2005,"Coyoacán",0.0296037031354369,0.514466491552421
"543",2005,"Gustavo A. Madero",-0.687308532115373,0.724494752555609
"544",2005,"Iztacalco",-0.152580232329419,0.567839517240864
"545",2005,"Iztapalapa",-0.23523538736977,0.592054361991004
"546",2005,"Tlalpan",0.429838102564587,0.397212899309918
"547",2005,"Tláhuac",0.343120319215135,0.422617941014311
"548",2005,"Xochimilco",0.421207979560187,0.3997412000387
"549",2005,"Benito Juárez",-0.592626386666898,0.696756452971927
"550",2005,"Cuauhtémoc",-1.62772046442046,1
"551",2005,"Miguel Hidalgo",-0.279760302793542,0.605098483848538
"552",2005,"Venustiano Carranza",-0.796933405861113,0.756610708265944
"553",2005,"Cuajimalpa",1.78568795893418,0
"554",2005,"Magdalena Contreras",0.959282052962399,0.242105779172948
"555",2005,"Milpa Alta",0.611398165242213,0.344022644831319
"556",2006,"Azcapotzalco",-0.207973570057559,0.584067677149634
"557",2006,"Coyoacán",0.0296037031354369,0.514466491552421
"558",2006,"Gustavo A. Madero",-0.687308532115373,0.724494752555609
"559",2006,"Iztacalco",-0.152580232329419,0.567839517240864
"560",2006,"Iztapalapa",-0.23523538736977,0.592054361991004
"561",2006,"Tlalpan",0.429838102564587,0.397212899309918
"562",2006,"Tláhuac",0.343120319215135,0.422617941014311
"563",2006,"Xochimilco",0.421207979560187,0.3997412000387
"564",2006,"Benito Juárez",-0.592626386666898,0.696756452971927
"565",2006,"Cuauhtémoc",-1.62772046442046,1
"566",2006,"Miguel Hidalgo",-0.279760302793542,0.605098483848538
"567",2006,"Venustiano Carranza",-0.796933405861113,0.756610708265944
"568",2006,"Cuajimalpa",1.78568795893418,0
"569",2006,"Magdalena Contreras",0.959282052962399,0.242105779172948
"570",2006,"Milpa Alta",0.611398165242213,0.344022644831319
"571",2007,"Azcapotzalco",-0.207973570057559,0.584067677149634
"572",2007,"Coyoacán",0.0296037031354369,0.514466491552421
"573",2007,"Gustavo A. Madero",-0.687308532115373,0.724494752555609
"574",2007,"Iztacalco",-0.152580232329419,0.567839517240864
"575",2007,"Iztapalapa",-0.23523538736977,0.592054361991004
"576",2007,"Tlalpan",0.429838102564587,0.397212899309918
"577",2007,"Tláhuac",0.343120319215135,0.422617941014311
"578",2007,"Xochimilco",0.421207979560187,0.3997412000387
"579",2007,"Benito Juárez",-0.592626386666898,0.696756452971927
"580",2007,"Cuauhtémoc",-1.62772046442046,1
"581",2007,"Miguel Hidalgo",-0.279760302793542,0.605098483848538
"582",2007,"Venustiano Carranza",-0.796933405861113,0.756610708265944
"583",2007,"Cuajimalpa",1.78568795893418,0
"584",2007,"Magdalena Contreras",0.959282052962399,0.242105779172948
"585",2007,"Milpa Alta",0.611398165242213,0.344022644831319
"586",2008,"Azcapotzalco",-0.116645116978726,0.582767439079607
"587",2008,"Coyoacán",0.0323980247077129,0.539785238349021
"588",2008,"Gustavo A. Madero",-0.593336403882241,0.720239317009516
"589",2008,"Iztacalco",-0.399980066731872,0.664477738168051
"590",2008,"Iztapalapa",-0.464174595805364,0.682990647270887
"591",2008,"Tlalpan",0.271833426239671,0.470735026616995
"592",2008,"Tláhuac",0.436908813201163,0.423129324417122
"593",2008,"Xochimilco",0.517245586917743,0.399961191386229
"594",2008,"Benito Juárez",-0.710053479614771,0.753899079686667
"595",2008,"Cuauhtémoc",-1.56342193706842,1
"596",2008,"Miguel Hidalgo",-0.384594975609692,0.660040867961281
"597",2008,"Venustiano Carranza",-0.705116769668904,0.752475393528143
"598",2008,"Cuajimalpa",1.90413298457571,0
"599",2008,"Magdalena Contreras",1.06419805915375,0.242226855638007
"600",2008,"Milpa Alta",0.710606450564234,0.344198307159204
"601",2009,"Azcapotzalco",-0.116645116978726,0.582767439079607
"602",2009,"Coyoacán",0.0323980247077129,0.539785238349021
"603",2009,"Gustavo A. Madero",-0.593336403882241,0.720239317009516
"604",2009,"Iztacalco",-0.399980066731872,0.664477738168051
"605",2009,"Iztapalapa",-0.464174595805364,0.682990647270887
"606",2009,"Tlalpan",0.271833426239671,0.470735026616995
"607",2009,"Tláhuac",0.436908813201163,0.423129324417122
"608",2009,"Xochimilco",0.517245586917743,0.399961191386229
"609",2009,"Benito Juárez",-0.710053479614771,0.753899079686667
"610",2009,"Cuauhtémoc",-1.56342193706842,1
"611",2009,"Miguel Hidalgo",-0.384594975609692,0.660040867961281
"612",2009,"Venustiano Carranza",-0.705116769668904,0.752475393528143
"613",2009,"Cuajimalpa",1.90413298457571,0
"614",2009,"Magdalena Contreras",1.06419805915375,0.242226855638007
"615",2009,"Milpa Alta",0.710606450564234,0.344198307159204
"616",2010,"Azcapotzalco",-0.116645116978726,0.582767439079607
"617",2010,"Coyoacán",0.0323980247077129,0.539785238349021
"618",2010,"Gustavo A. Madero",-0.593336403882241,0.720239317009516
"619",2010,"Iztacalco",-0.399980066731872,0.664477738168051
"620",2010,"Iztapalapa",-0.464174595805364,0.682990647270887
"621",2010,"Tlalpan",0.271833426239671,0.470735026616995
"622",2010,"Tláhuac",0.436908813201163,0.423129324417122
"623",2010,"Xochimilco",0.517245586917743,0.399961191386229
"624",2010,"Benito Juárez",-0.710053479614771,0.753899079686667
"625",2010,"Cuauhtémoc",-1.56342193706842,1
"626",2010,"Miguel Hidalgo",-0.384594975609692,0.660040867961281
"627",2010,"Venustiano Carranza",-0.705116769668904,0.752475393528143
"628",2010,"Cuajimalpa",1.90413298457571,0
"629",2010,"Magdalena Contreras",1.06419805915375,0.242226855638007
"630",2010,"Milpa Alta",0.710606450564234,0.344198307159204
"631",2011,"Azcapotzalco",-0.236035347610666,0.597816608368214
"632",2011,"Coyoacán",0.0440868143647522,0.518070765686417
"633",2011,"Gustavo A. Madero",-0.671033418757552,0.721652892880429
"634",2011,"Iztacalco",-0.333903152881124,0.62567784772062
"635",2011,"Iztapalapa",-0.374426159234535,0.637214033457814
"636",2011,"Tlalpan",0.276989480615914,0.45176748124773
"637",2011,"Tláhuac",0.408327870979029,0.414377756200211
"638",2011,"Xochimilco",0.488027034997859,0.391688808810629
"639",2011,"Benito Juárez",-0.637247820820459,0.712034728580247
"640",2011,"Cuauhtémoc",-1.64877960343403,1
"641",2011,"Miguel Hidalgo",-0.304742951165009,0.617376452207234
"642",2011,"Venustiano Carranza",-0.585661609660509,0.697349043410959
"643",2011,"Cuajimalpa",1.8639071091908,0
"644",2011,"Magdalena Contreras",1.03063850392527,0.23721688651331
"645",2011,"Milpa Alta",0.67985324949026,0.337079266262196
"646",2012,"Azcapotzalco",-0.138784771017065,0.563296210276283
"647",2012,"Coyoacán",0.0361557736544552,0.513028899578515
"648",2012,"Gustavo A. Madero",-0.451488244087167,0.653148237812842
"649",2012,"Iztacalco",-0.218308081504879,0.586146390396117
"650",2012,"Iztapalapa",-0.376500924824759,0.631601426678614
"651",2012,"Tlalpan",0.307111109028129,0.435172756772851
"652",2012,"Tláhuac",0.165901096419764,0.475747956711485
"653",2012,"Xochimilco",0.358016314541297,0.420545685692966
"654",2012,"Benito Juárez",-0.572212551577092,0.687837087586138
"655",2012,"Cuauhtémoc",-1.65860347175723,1
"656",2012,"Miguel Hidalgo",-0.173996123031647,0.573413818948011
"657",2012,"Venustiano Carranza",-0.5987628496053,0.695466034224027
"658",2012,"Cuajimalpa",1.8216015012788,0
"659",2012,"Magdalena Contreras",1.01017093536807,0.233155969891873
"660",2012,"Milpa Alta",0.489700287114619,0.38270769235821
"661",2013,"Azcapotzalco",0.122161559403466,0.570173111163868
"662",2013,"Coyoacán",-0.0490193851232849,0.520229188779709
"663",2013,"Gustavo A. Madero",0.639156866082623,0.721012175296518
"664",2013,"Iztacalco",0.200080766835796,0.592906896510094
"665",2013,"Iztapalapa",0.351605713251908,0.637115965364061
"666",2013,"Tlalpan",-0.319248085085223,0.44138699490011
"667",2013,"Tláhuac",-0.17666320058613,0.482987702410308
"668",2013,"Xochimilco",-0.366198612842365,0.427688662292583
"669",2013,"Benito Juárez",0.543014016417085,0.692961441993448
"670",2013,"Cuauhtémoc",1.59537730421452,1
"671",2013,"Miguel Hidalgo",0.15396994235789,0.579453556565273
"672",2013,"Venustiano Carranza",0.655317388180298,0.725727185273622
"673",2013,"Cuajimalpa",-1.83208566535486,0
"674",2013,"Magdalena Contreras",-1.01937891527297,0.237116128546822
"675",2013,"Milpa Alta",-0.498089692478759,0.38920798990972
"676",2014,"Azcapotzalco",0.122161559403466,0.570173111163868
"677",2014,"Coyoacán",-0.0490193851232849,0.520229188779709
"678",2014,"Gustavo A. Madero",0.639156866082623,0.721012175296518
"679",2014,"Iztacalco",0.200080766835796,0.592906896510094
"680",2014,"Iztapalapa",0.351605713251908,0.637115965364061
"681",2014,"Tlalpan",-0.319248085085223,0.44138699490011
"682",2014,"Tláhuac",-0.17666320058613,0.482987702410308
"683",2014,"Xochimilco",-0.366198612842365,0.427688662292583
"684",2014,"Benito Juárez",0.543014016417085,0.692961441993448
"685",2014,"Cuauhtémoc",1.59537730421452,1
"686",2014,"Miguel Hidalgo",0.15396994235789,0.579453556565273
"687",2014,"Venustiano Carranza",0.655317388180298,0.725727185273622
"688",2014,"Cuajimalpa",-1.83208566535486,0
"689",2014,"Magdalena Contreras",-1.01937891527297,0.237116128546822
"690",2014,"Milpa Alta",-0.498089692478759,0.38920798990972
"691",2015,"Azcapotzalco",0.122161559403466,0.570173111163868
"692",2015,"Coyoacán",-0.0490193851232849,0.520229188779709
"693",2015,"Gustavo A. Madero",0.639156866082623,0.721012175296518
"694",2015,"Iztacalco",0.200080766835796,0.592906896510094
"695",2015,"Iztapalapa",0.351605713251908,0.637115965364061
"696",2015,"Tlalpan",-0.319248085085223,0.44138699490011
"697",2015,"Tláhuac",-0.17666320058613,0.482987702410308
"698",2015,"Xochimilco",-0.366198612842365,0.427688662292583
"699",2015,"Benito Juárez",0.543014016417085,0.692961441993448
"700",2015,"Cuauhtémoc",1.59537730421452,1
"701",2015,"Miguel Hidalgo",0.15396994235789,0.579453556565273
"702",2015,"Venustiano Carranza",0.655317388180298,0.725727185273622
"703",2015,"Cuajimalpa",-1.83208566535486,0
"704",2015,"Magdalena Contreras",-1.01937891527297,0.237116128546822
"705",2015,"Milpa Alta",-0.498089692478759,0.38920798990972
"706",2016,"Azcapotzalco",0.220719515447808,0.627254533886163
"707",2016,"Coyoacán",-0.0672614534951018,0.539440911846839
"708",2016,"Gustavo A. Madero",1.01208138086418,0.868563367595188
"709",2016,"Iztacalco",0.167233747648,0.610945195754217
"710",2016,"Iztapalapa",0.301313001978389,0.651829789643536
"711",2016,"Tlalpan",-0.33444916245577,0.457967748622374
"712",2016,"Tláhuac",-0.189048042071439,0.502304702819008
"713",2016,"Xochimilco",-0.371245597848555,0.446747464581254
"714",2016,"Benito Juárez",0.481041630278666,0.706634181382128
"715",2016,"Cuauhtémoc",1.44312212232888,1
"716",2016,"Miguel Hidalgo",0.11680722937402,0.595568710173504
"717",2016,"Venustiano Carranza",0.583155328517913,0.737771564297166
"718",2016,"Cuajimalpa",-1.83633455255861,0
"719",2016,"Magdalena Contreras",-1.02407027822556,0.247682575151239
"720",2016,"Milpa Alta",-0.503064869782822,0.406552003868607
"721",2017,"Azcapotzalco",0.220719515447808,0.627254533886163
"722",2017,"Coyoacán",-0.0672614534951018,0.539440911846839
"723",2017,"Gustavo A. Madero",1.01208138086418,0.868563367595188
"724",2017,"Iztacalco",0.167233747648,0.610945195754217
"725",2017,"Iztapalapa",0.301313001978389,0.651829789643536
"726",2017,"Tlalpan",-0.33444916245577,0.457967748622374
"727",2017,"Tláhuac",-0.189048042071439,0.502304702819008
"728",2017,"Xochimilco",-0.371245597848555,0.446747464581254
"729",2017,"Benito Juárez",0.481041630278666,0.706634181382128
"730",2017,"Cuauhtémoc",1.44312212232888,1
"731",2017,"Miguel Hidalgo",0.11680722937402,0.595568710173504
"732",2017,"Venustiano Carranza",0.583155328517913,0.737771564297166
"733",2017,"Cuajimalpa",-1.83633455255861,0
"734",2017,"Magdalena Contreras",-1.02407027822556,0.247682575151239
"735",2017,"Milpa Alta",-0.503064869782822,0.406552003868607
"736",2018,"Azcapotzalco",0.192739648168479,0.606239796555169
"737",2018,"Coyoacán",-0.0634545638289714,0.528167667192364
"738",2018,"Gustavo A. Madero",1.0083031417918,0.85477304046146
"739",2018,"Iztacalco",0.149401686069941,0.593033069686137
"740",2018,"Iztapalapa",0.25906602139077,0.626451967431333
"741",2018,"Tlalpan",-0.323993952119174,0.448771397198171
"742",2018,"Tláhuac",-0.17629073974527,0.493782188870046
"743",2018,"Xochimilco",-0.346984634246053,0.441765261129934
"744",2018,"Benito Juárez",0.421566365626586,0.675972008488331
"745",2018,"Cuauhtémoc",1.48486637586042,1
"746",2018,"Miguel Hidalgo",0.152582420746945,0.594002360628488
"747",2018,"Venustiano Carranza",0.509186255711016,0.702673124567778
"748",2018,"Cuajimalpa",-1.79664027815821,0
"749",2018,"Magdalena Contreras",-0.992932431034242,0.244920377089507
"750",2018,"Milpa Alta",-0.477415316234041,0.402018067008521
"751",2019,"Azcapotzalco",0.192739648168479,0.606239796555169
"752",2019,"Coyoacán",-0.0634545638289714,0.528167667192364
"753",2019,"Gustavo A. Madero",1.0083031417918,0.85477304046146
"754",2019,"Iztacalco",0.149401686069941,0.593033069686137
"755",2019,"Iztapalapa",0.25906602139077,0.626451967431333
"756",2019,"Tlalpan",-0.323993952119174,0.448771397198171
"757",2019,"Tláhuac",-0.17629073974527,0.493782188870046
"758",2019,"Xochimilco",-0.346984634246053,0.441765261129934
"759",2019,"Benito Juárez",0.421566365626586,0.675972008488331
"760",2019,"Cuauhtémoc",1.48486637586042,1
"761",2019,"Miguel Hidalgo",0.152582420746945,0.594002360628488
"762",2019,"Venustiano Carranza",0.509186255711016,0.702673124567778
"763",2019,"Cuajimalpa",-1.79664027815821,0
"764",2019,"Magdalena Contreras",-0.992932431034242,0.244920377089507
"765",2019,"Milpa Alta",-0.477415316234041,0.402018067008521
"766",2020,"Azcapotzalco",-0.167796953358653,0.606270749525969
"767",2020,"Coyoacán",-0.00158295893565286,0.555995034269474
"768",2020,"Gustavo A. Madero",-0.989387627792093,0.854782067412276
"769",2020,"Iztacalco",-0.205397913421284,0.617644130979451
"770",2020,"Iztapalapa",-0.369921417939968,0.667408513905786
"771",2020,"Tlalpan",0.350392647756363,0.449530921902104
"772",2020,"Tláhuac",0.203981109419357,0.493816872897083
"773",2020,"Xochimilco",0.344699864169728,0.451252851319733
"774",2020,"Benito Juárez",-0.398320508145695,0.675998552173521
"775",2020,"Cuauhtémoc",-1.46948527561497,1
"776",2020,"Miguel Hidalgo",-0.127331972604813,0.594031071048222
"777",2020,"Venustiano Carranza",-0.54056639677204,0.719024494831425
"778",2020,"Cuajimalpa",1.8365640480996,0
"779",2020,"Magdalena Contreras",1.02678298632405,0.244939195542825
"780",2020,"Milpa Alta",0.507370368816062,0.402048956060371
"781",2021,"Azcapotzalco",-0.13654376728667,0.609389649927133
"782",2021,"Coyoacán",0.0128851119836076,0.563751244250695
"783",2021,"Gustavo A. Madero",-1.05765094194722,0.890713200728848
"784",2021,"Iztacalco",-0.173860605726574,0.620786918109824
"785",2021,"Iztapalapa",-0.444874581216234,0.703559711546959
"786",2021,"Tlalpan",0.345475159169236,0.462171954012236
"787",2021,"Tláhuac",0.22509450872538,0.498938481255025
"788",2021,"Xochimilco",0.250952345830843,0.491041008788543
"789",2021,"Benito Juárez",-0.429951102381028,0.699001798883016
"790",2021,"Cuauhtémoc",-1.41547684958087,1
"791",2021,"Miguel Hidalgo",-0.0957288629843731,0.596924006275854
"792",2021,"Venustiano Carranza",-0.516346548216967,0.725388601922109
"793",2021,"Cuajimalpa",1.85871463575898,0
"794",2021,"Magdalena Contreras",1.05052830037339,0.246835390967275
"795",2021,"Milpa Alta",0.526783197498496,0.406797050271552
