AÑO,ALCALDIA,POBLACION,MEAN_DIST,EST_TOTAL,ZOC_DIST
1969,Azcapotzalco,527857,2019.077357,0,2028.311034
1970,Azcapotzalco,534554,1050.162982,0,2028.311034
1971,Azcapotzalco,541251,1050.162982,0,2028.311034
1972,Azcapotzalco,547948,958.8663803,0,2028.311034
1973,Azcapotzalco,554645,958.8663803,0,2028.311034
1974,Azcapotzalco,561342,958.8663803,0,2028.311034
1975,Azcapotzalco,568039,958.8663803,0,2028.311034
1976,Azcapotzalco,574736,958.8663803,0,2028.311034
1977,Azcapotzalco,581433,958.8663803,0,2028.311034
1978,Azcapotzalco,588130,958.8663803,0,2028.311034
1979,Azcapotzalco,594827,958.8663803,0,2028.311034
1980,Azcapotzalco,601524,958.8663803,0,2028.311034
1981,Azcapotzalco,588840.4,958.8663803,0,2028.311034
1982,Azcapotzalco,576156.8,952.839362,0,2028.311034
1983,Azcapotzalco,563473.2,472.8019473,6,2028.311034
1984,Azcapotzalco,550789.6,375.3765679,6,2028.311034
1985,Azcapotzalco,538106,375.3765679,6,2028.311034
1986,Azcapotzalco,525422.4,375.3765679,6,2028.311034
1987,Azcapotzalco,512738.8,375.3765679,6,2028.311034
1988,Azcapotzalco,500055.2,357.2576964,10,2028.311034
1989,Azcapotzalco,487371.6,357.2576964,10,2028.311034
1990,Azcapotzalco,474688,357.2576964,10,2028.311034
1991,Azcapotzalco,470776.6,357.2576964,10,2028.311034
1992,Azcapotzalco,466865.2,357.2576964,10,2028.311034
1993,Azcapotzalco,462953.8,357.2576964,10,2028.311034
1994,Azcapotzalco,459042.4,357.2576964,10,2028.311034
1995,Azcapotzalco,455131,357.2576964,10,2028.311034
1996,Azcapotzalco,452306.4,357.2576964,10,2028.311034
1997,Azcapotzalco,449481.8,357.2576964,10,2028.311034
1998,Azcapotzalco,446657.2,357.2576964,10,2028.311034
1999,Azcapotzalco,443832.6,355.7107644,10,2028.311034
2000,Azcapotzalco,441008,355.7107644,10,2028.311034
2001,Azcapotzalco,437866,355.7107644,10,2028.311034
2002,Azcapotzalco,434724,355.7107644,10,2028.311034
2003,Azcapotzalco,431582,355.7107644,10,2028.311034
2004,Azcapotzalco,428440,355.7107644,10,2028.311034
2005,Azcapotzalco,425298,348.0738948,10,2028.311034
2006,Azcapotzalco,423180.6,348.0738948,10,2028.311034
2007,Azcapotzalco,421063.2,348.0738948,10,2028.311034
2008,Azcapotzalco,418945.8,348.0738948,10,2028.311034
2009,Azcapotzalco,416828.4,348.0738948,10,2028.311034
2010,Azcapotzalco,414711,348.0738948,10,2028.311034
2011,Azcapotzalco,411801,340.8117859,16,2028.311034
2012,Azcapotzalco,408891,340.8117859,16,2028.311034
2013,Azcapotzalco,405981,340.8117859,16,2028.311034
2014,Azcapotzalco,403071,340.8117859,16,2028.311034
2015,Azcapotzalco,400161,340.8117859,16,2028.311034
2016,Azcapotzalco,406569.8,323.3697531,24,2028.311034
2017,Azcapotzalco,412978.6,323.3697531,24,2028.311034
2018,Azcapotzalco,419387.4,323.3697531,24,2028.311034
2019,Azcapotzalco,425796.2,323.3697531,24,2028.311034
2020,Azcapotzalco,432205,323.3697531,24,2028.311034
2021,Azcapotzalco,438613.8,323.3697531,24,2028.311034
1969,Coyoacán,313677.7,1765.756453,0,2981.405202
1970,Coyoacán,339446,1338.307013,2,2981.405202
1971,Coyoacán,365214.3,1338.307013,2,2981.405202
1972,Coyoacán,390982.6,1335.16632,2,2981.405202
1973,Coyoacán,416750.9,1335.16632,2,2981.405202
1974,Coyoacán,442519.2,1335.16632,2,2981.405202
1975,Coyoacán,468287.5,1335.16632,2,2981.405202
1976,Coyoacán,494055.8,1335.16632,2,2981.405202
1977,Coyoacán,519824.1,1335.16632,2,2981.405202
1978,Coyoacán,545592.4,1335.16632,2,2981.405202
1979,Coyoacán,571360.7,1335.16632,2,2981.405202
1980,Coyoacán,597129,1132.418776,2,2981.405202
1981,Coyoacán,601422.7,1130.944626,2,2981.405202
1982,Coyoacán,605716.4,1065.114069,2,2981.405202
1983,Coyoacán,610010.1,968.8583765,5,2981.405202
1984,Coyoacán,614303.8,968.8583765,5,2981.405202
1985,Coyoacán,618597.5,964.7424307,5,2981.405202
1986,Coyoacán,622891.2,964.7424307,5,2981.405202
1987,Coyoacán,627184.9,936.2829171,5,2981.405202
1988,Coyoacán,631478.6,936.2829171,5,2981.405202
1989,Coyoacán,635772.3,936.2829171,5,2981.405202
1990,Coyoacán,640066,936.2829171,5,2981.405202
1991,Coyoacán,642750.6,936.2829171,5,2981.405202
1992,Coyoacán,645435.2,936.2829171,5,2981.405202
1993,Coyoacán,648119.8,936.2829171,5,2981.405202
1994,Coyoacán,650804.4,821.9269906,5,2981.405202
1995,Coyoacán,653489,821.9269906,5,2981.405202
1996,Coyoacán,650875.8,821.9269906,5,2981.405202
1997,Coyoacán,648262.6,821.9269906,5,2981.405202
1998,Coyoacán,645649.4,821.9269906,5,2981.405202
1999,Coyoacán,643036.2,821.9269906,5,2981.405202
2000,Coyoacán,640423,821.9269906,5,2981.405202
2001,Coyoacán,637951,821.9269906,5,2981.405202
2002,Coyoacán,635479,821.9269906,5,2981.405202
2003,Coyoacán,633007,821.9269906,5,2981.405202
2004,Coyoacán,630535,821.9269906,5,2981.405202
2005,Coyoacán,628063,816.8822252,5,2981.405202
2006,Coyoacán,626533.6,816.8822252,5,2981.405202
2007,Coyoacán,625004.2,816.8822252,5,2981.405202
2008,Coyoacán,623474.8,792.5066053,8,2981.405202
2009,Coyoacán,621945.4,792.5066053,8,2981.405202
2010,Coyoacán,620416,792.5066053,8,2981.405202
2011,Coyoacán,618028.6,792.5066053,8,2981.405202
2012,Coyoacán,615641.2,603.1566447,9,2981.405202
2013,Coyoacán,613253.8,603.1566447,9,2981.405202
2014,Coyoacán,610866.4,603.1566447,9,2981.405202
2015,Coyoacán,608479,603.1566447,9,2981.405202
2016,Coyoacán,609672.6,603.1566447,9,2981.405202
2017,Coyoacán,610866.2,603.1566447,9,2981.405202
2018,Coyoacán,612059.8,603.1566447,9,2981.405202
2019,Coyoacán,613253.4,603.1566447,9,2981.405202
2020,Coyoacán,614447,547.7367576,15,2981.405202
2021,Coyoacán,615640.6,541.2143693,16,2981.405202
1969,Gustavo A. Madero,1.15E+06,1627.645248,0,4260.385715
1970,Gustavo A. Madero,1.19E+06,1509.603393,0,4260.385715
1971,Gustavo A. Madero,1.22E+06,1509.603393,0,4260.385715
1972,Gustavo A. Madero,1.25E+06,1509.603393,0,4260.385715
1973,Gustavo A. Madero,1.28E+06,1509.603393,0,4260.385715
1974,Gustavo A. Madero,1.32E+06,1509.603393,0,4260.385715
1975,Gustavo A. Madero,1.35E+06,1509.603393,0,4260.385715
1976,Gustavo A. Madero,1.38E+06,1509.603393,0,4260.385715
1977,Gustavo A. Madero,1.42E+06,1509.603393,0,4260.385715
1978,Gustavo A. Madero,1.45E+06,1430.123049,1,4260.385715
1979,Gustavo A. Madero,1.48E+06,1266.345724,4,4260.385715
1980,Gustavo A. Madero,1.51E+06,1266.345724,4,4260.385715
1981,Gustavo A. Madero,1.49E+06,988.2699693,10,4260.385715
1982,Gustavo A. Madero,1.47E+06,869.4582727,16,4260.385715
1983,Gustavo A. Madero,1.44E+06,841.1417573,17,4260.385715
1984,Gustavo A. Madero,1.42E+06,840.4663149,17,4260.385715
1985,Gustavo A. Madero,1.40E+06,840.4663149,17,4260.385715
1986,Gustavo A. Madero,1.37E+06,812.1260027,21,4260.385715
1987,Gustavo A. Madero,1.35E+06,794.6570502,21,4260.385715
1988,Gustavo A. Madero,1.33E+06,794.6570502,21,4260.385715
1989,Gustavo A. Madero,1.30E+06,794.6570502,21,4260.385715
1990,Gustavo A. Madero,1.28E+06,794.6570502,21,4260.385715
1991,Gustavo A. Madero,1.27E+06,762.4563965,21,4260.385715
1992,Gustavo A. Madero,1.27E+06,762.4563965,21,4260.385715
1993,Gustavo A. Madero,1.27E+06,762.4563965,21,4260.385715
1994,Gustavo A. Madero,1.26E+06,762.4563965,21,4260.385715
1995,Gustavo A. Madero,1.26E+06,762.4563965,21,4260.385715
1996,Gustavo A. Madero,1.25E+06,762.4563965,21,4260.385715
1997,Gustavo A. Madero,1.25E+06,762.4563965,21,4260.385715
1998,Gustavo A. Madero,1.24E+06,762.4563965,21,4260.385715
1999,Gustavo A. Madero,1.24E+06,641.6309288,24,4260.385715
2000,Gustavo A. Madero,1.24E+06,633.7863117,24,4260.385715
2001,Gustavo A. Madero,1.23E+06,633.7863117,24,4260.385715
2002,Gustavo A. Madero,1.22E+06,633.7863117,24,4260.385715
2003,Gustavo A. Madero,1.21E+06,633.7863117,24,4260.385715
2004,Gustavo A. Madero,1.20E+06,633.7863117,24,4260.385715
2005,Gustavo A. Madero,1.19E+06,631.0137439,29,4260.385715
2006,Gustavo A. Madero,1.19E+06,631.0137439,29,4260.385715
2007,Gustavo A. Madero,1.19E+06,631.0137439,29,4260.385715
2008,Gustavo A. Madero,1.19E+06,631.0137439,29,4260.385715
2009,Gustavo A. Madero,1.19E+06,631.0137439,29,4260.385715
2010,Gustavo A. Madero,1.19E+06,631.0137439,29,4260.385715
2011,Gustavo A. Madero,1.18E+06,607.1631456,37,4260.385715
2012,Gustavo A. Madero,1.18E+06,606.9633552,37,4260.385715
2013,Gustavo A. Madero,1.17E+06,541.6616204,49,4260.385715
2014,Gustavo A. Madero,1.17E+06,541.6616204,49,4260.385715
2015,Gustavo A. Madero,1.16E+06,541.6616204,49,4260.385715
2016,Gustavo A. Madero,1.17E+06,456.5960402,77,4260.385715
2017,Gustavo A. Madero,1.17E+06,456.5960402,77,4260.385715
2018,Gustavo A. Madero,1.17E+06,453.8597647,87,4260.385715
2019,Gustavo A. Madero,1.17E+06,453.8597647,87,4260.385715
2020,Gustavo A. Madero,1.17E+06,453.8597647,87,4260.385715
2021,Gustavo A. Madero,1.18E+06,277.5370941,93,4260.385715
1969,Iztacalco,468026.4,954.5692719,0,5710.416862
1970,Iztacalco,477331,942.317276,1,5710.416862
1971,Iztacalco,486635.6,942.317276,1,5710.416862
1972,Iztacalco,495940.2,942.317276,1,5710.416862
1973,Iztacalco,505244.8,942.317276,1,5710.416862
1974,Iztacalco,514549.4,942.317276,1,5710.416862
1975,Iztacalco,523854,942.317276,1,5710.416862
1976,Iztacalco,533158.6,942.317276,1,5710.416862
1977,Iztacalco,542463.2,942.317276,1,5710.416862
1978,Iztacalco,551767.8,942.317276,1,5710.416862
1979,Iztacalco,561072.4,942.317276,1,5710.416862
1980,Iztacalco,570377,942.317276,1,5710.416862
1981,Iztacalco,558171.5,712.0240545,1,5710.416862
1982,Iztacalco,545966,687.0644112,2,5710.416862
1983,Iztacalco,533760.5,687.0644112,2,5710.416862
1984,Iztacalco,521555,686.7231774,2,5710.416862
1985,Iztacalco,509349.5,686.7231774,2,5710.416862
1986,Iztacalco,497144,686.7231774,2,5710.416862
1987,Iztacalco,484938.5,547.5705629,2,5710.416862
1988,Iztacalco,472733,547.5705629,2,5710.416862
1989,Iztacalco,460527.5,547.5705629,2,5710.416862
1990,Iztacalco,448322,547.5705629,2,5710.416862
1991,Iztacalco,442454,406.1782972,5,5710.416862
1992,Iztacalco,436586,406.1782972,5,5710.416862
1993,Iztacalco,430718,406.1782972,5,5710.416862
1994,Iztacalco,424850,342.3593425,8,5710.416862
1995,Iztacalco,418982,342.3593425,8,5710.416862
1996,Iztacalco,417443.2,342.3593425,8,5710.416862
1997,Iztacalco,415904.4,342.3593425,8,5710.416862
1998,Iztacalco,414365.6,342.3593425,8,5710.416862
1999,Iztacalco,412826.8,342.3593425,8,5710.416862
2000,Iztacalco,411288,342.3593425,8,5710.416862
2001,Iztacalco,408035.4,342.3593425,8,5710.416862
2002,Iztacalco,404782.8,342.3593425,8,5710.416862
2003,Iztacalco,401530.2,342.3593425,8,5710.416862
2004,Iztacalco,398277.6,342.3593425,8,5710.416862
2005,Iztacalco,395025,342.3593425,8,5710.416862
2006,Iztacalco,392885.2,342.3593425,8,5710.416862
2007,Iztacalco,390745.4,342.3593425,8,5710.416862
2008,Iztacalco,388605.6,206.1316573,19,5710.416862
2009,Iztacalco,386465.8,206.1316573,19,5710.416862
2010,Iztacalco,384326,206.1316573,19,5710.416862
2011,Iztacalco,385530.4,206.1316573,19,5710.416862
2012,Iztacalco,386734.8,205.7931083,19,5710.416862
2013,Iztacalco,387939.2,205.7931083,19,5710.416862
2014,Iztacalco,389143.6,205.7931083,19,5710.416862
2015,Iztacalco,390348,205.7931083,19,5710.416862
2016,Iztacalco,393217.4,205.7931083,19,5710.416862
2017,Iztacalco,396086.8,205.7931083,19,5710.416862
2018,Iztacalco,398956.2,205.7931083,19,5710.416862
2019,Iztacalco,401825.6,205.7931083,19,5710.416862
2020,Iztacalco,404695,203.2507786,25,5710.416862
2021,Iztacalco,407564.4,203.2271829,25,5710.416862
1969,Iztapalapa,448069.1,4400.833787,0,5830.566039
1970,Iztapalapa,522095,4393.57373,0,5830.566039
1971,Iztapalapa,596120.9,4393.57373,0,5830.566039
1972,Iztapalapa,670146.8,4393.57373,0,5830.566039
1973,Iztapalapa,744172.7,4393.57373,0,5830.566039
1974,Iztapalapa,818198.6,4393.57373,0,5830.566039
1975,Iztapalapa,892224.5,4393.57373,0,5830.566039
1976,Iztapalapa,966250.4,4393.57373,0,5830.566039
1977,Iztapalapa,1.04E+06,4393.57373,0,5830.566039
1978,Iztapalapa,1.11E+06,4393.57373,0,5830.566039
1979,Iztapalapa,1.19E+06,4393.57373,0,5830.566039
1980,Iztapalapa,1.26E+06,4393.57373,0,5830.566039
1981,Iztapalapa,1.29E+06,3805.619358,0,5830.566039
1982,Iztapalapa,1.31E+06,3795.726242,0,5830.566039
1983,Iztapalapa,1.33E+06,3795.726242,0,5830.566039
1984,Iztapalapa,1.35E+06,3795.722604,0,5830.566039
1985,Iztapalapa,1.38E+06,3795.722604,0,5830.566039
1986,Iztapalapa,1.40E+06,3795.722604,0,5830.566039
1987,Iztapalapa,1.42E+06,3615.265554,0,5830.566039
1988,Iztapalapa,1.44E+06,3615.265554,0,5830.566039
1989,Iztapalapa,1.47E+06,3615.265554,0,5830.566039
1990,Iztapalapa,1.49E+06,3615.265554,0,5830.566039
1991,Iztapalapa,1.53E+06,875.0085716,5,5830.566039
1992,Iztapalapa,1.57E+06,875.0085716,5,5830.566039
1993,Iztapalapa,1.61E+06,875.0085716,5,5830.566039
1994,Iztapalapa,1.66E+06,628.8147984,13,5830.566039
1995,Iztapalapa,1.70E+06,628.8147984,13,5830.566039
1996,Iztapalapa,1.71E+06,628.8147984,13,5830.566039
1997,Iztapalapa,1.73E+06,628.8147984,13,5830.566039
1998,Iztapalapa,1.74E+06,628.8147984,13,5830.566039
1999,Iztapalapa,1.75E+06,628.8147984,13,5830.566039
2000,Iztapalapa,1.77E+06,628.8147984,13,5830.566039
2001,Iztapalapa,1.78E+06,628.8147984,13,5830.566039
2002,Iztapalapa,1.79E+06,628.8147984,13,5830.566039
2003,Iztapalapa,1.80E+06,628.8147984,13,5830.566039
2004,Iztapalapa,1.81E+06,628.8147984,13,5830.566039
2005,Iztapalapa,1.82E+06,628.8147984,13,5830.566039
2006,Iztapalapa,1.82E+06,628.8147984,13,5830.566039
2007,Iztapalapa,1.82E+06,628.8147984,13,5830.566039
2008,Iztapalapa,1.82E+06,574.383548,24,5830.566039
2009,Iztapalapa,1.82E+06,574.383548,24,5830.566039
2010,Iztapalapa,1.82E+06,574.383548,24,5830.566039
2011,Iztapalapa,1.82E+06,574.383548,24,5830.566039
2012,Iztapalapa,1.82E+06,459.6385591,31,5830.566039
2013,Iztapalapa,1.82E+06,459.6385591,31,5830.566039
2014,Iztapalapa,1.83E+06,459.6385591,31,5830.566039
2015,Iztapalapa,1.83E+06,459.6385591,31,5830.566039
2016,Iztapalapa,1.83E+06,459.6385591,31,5830.566039
2017,Iztapalapa,1.83E+06,459.6385591,31,5830.566039
2018,Iztapalapa,1.83E+06,459.6385591,31,5830.566039
2019,Iztapalapa,1.83E+06,459.6385591,31,5830.566039
2020,Iztapalapa,1.84E+06,455.9690342,41,5830.566039
2021,Iztapalapa,1.84E+06,367.51887,48,5830.566039
1969,Tlalpan,106893.5,3881.072998,0,12048.4089
1970,Tlalpan,130719,3051.78551,0,12048.4089
1971,Tlalpan,154544.5,3051.78551,0,12048.4089
1972,Tlalpan,178370,2657.821892,0,12048.4089
1973,Tlalpan,202195.5,2657.821892,0,12048.4089
1974,Tlalpan,226021,2657.821892,0,12048.4089
1975,Tlalpan,249846.5,2657.821892,0,12048.4089
1976,Tlalpan,273672,2657.821892,0,12048.4089
1977,Tlalpan,297497.5,2657.821892,0,12048.4089
1978,Tlalpan,321323,2657.821892,0,12048.4089
1979,Tlalpan,345148.5,2657.821892,0,12048.4089
1980,Tlalpan,368974,2523.512537,0,12048.4089
1981,Tlalpan,380531,2523.263421,0,12048.4089
1982,Tlalpan,392088,2514.176827,0,12048.4089
1983,Tlalpan,403645,2239.647148,0,12048.4089
1984,Tlalpan,415202,2165.296968,0,12048.4089
1985,Tlalpan,426759,2147.433637,0,12048.4089
1986,Tlalpan,438316,2147.433637,0,12048.4089
1987,Tlalpan,449873,2143.685504,0,12048.4089
1988,Tlalpan,461430,2143.685504,0,12048.4089
1989,Tlalpan,472987,2143.685504,0,12048.4089
1990,Tlalpan,484544,2143.685504,0,12048.4089
1991,Tlalpan,498114.2,2143.685504,0,12048.4089
1992,Tlalpan,511684.4,2143.685504,0,12048.4089
1993,Tlalpan,525254.6,2143.685504,0,12048.4089
1994,Tlalpan,538824.8,2124.488066,0,12048.4089
1995,Tlalpan,552395,2124.488066,0,12048.4089
1996,Tlalpan,558195.4,2124.488066,0,12048.4089
1997,Tlalpan,563995.8,2124.488066,0,12048.4089
1998,Tlalpan,569796.2,2124.488066,0,12048.4089
1999,Tlalpan,575596.6,2124.488066,0,12048.4089
2000,Tlalpan,581397,2124.488066,0,12048.4089
2001,Tlalpan,586626.6,2124.488066,0,12048.4089
2002,Tlalpan,591856.2,2124.488066,0,12048.4089
2003,Tlalpan,597085.8,2124.488066,0,12048.4089
2004,Tlalpan,602315.4,2124.488066,0,12048.4089
2005,Tlalpan,607545,2078.663428,0,12048.4089
2006,Tlalpan,616149.4,2078.663428,0,12048.4089
2007,Tlalpan,624753.8,2078.663428,0,12048.4089
2008,Tlalpan,633358.2,1805.747738,7,12048.4089
2009,Tlalpan,641962.6,1805.747738,7,12048.4089
2010,Tlalpan,650567,1805.747738,7,12048.4089
2011,Tlalpan,655874.4,1805.747738,7,12048.4089
2012,Tlalpan,661181.8,1775.26019,7,12048.4089
2013,Tlalpan,666489.2,1775.26019,7,12048.4089
2014,Tlalpan,671796.6,1775.26019,7,12048.4089
2015,Tlalpan,677104,1775.26019,7,12048.4089
2016,Tlalpan,681668.8,1775.26019,7,12048.4089
2017,Tlalpan,686233.6,1775.26019,7,12048.4089
2018,Tlalpan,690798.4,1775.26019,7,12048.4089
2019,Tlalpan,695363.2,1775.26019,7,12048.4089
2020,Tlalpan,699928,1763.259506,7,12048.4089
2021,Tlalpan,704492.8,1738.004292,9,12048.4089
1969,Tláhuac,53968.6,7481.940362,0,13042.9866
1970,Tláhuac,62419,7481.940362,0,13042.9866
1971,Tláhuac,70869.4,7481.940362,0,13042.9866
1972,Tláhuac,79319.8,7481.940362,0,13042.9866
1973,Tláhuac,87770.2,7481.940362,0,13042.9866
1974,Tláhuac,96220.6,7481.940362,0,13042.9866
1975,Tláhuac,104671,7481.940362,0,13042.9866
1976,Tláhuac,113121.4,7481.940362,0,13042.9866
1977,Tláhuac,121571.8,7481.940362,0,13042.9866
1978,Tláhuac,130022.2,7481.940362,0,13042.9866
1979,Tláhuac,138472.6,7481.940362,0,13042.9866
1980,Tláhuac,146923,7481.940362,0,13042.9866
1981,Tláhuac,153132,6702.510008,0,13042.9866
1982,Tláhuac,159341,6702.510008,0,13042.9866
1983,Tláhuac,165550,6702.510008,0,13042.9866
1984,Tláhuac,171759,6702.510008,0,13042.9866
1985,Tláhuac,177968,6702.510008,0,13042.9866
1986,Tláhuac,184177,6702.510008,0,13042.9866
1987,Tláhuac,190386,6497.377459,0,13042.9866
1988,Tláhuac,196595,6497.377459,0,13042.9866
1989,Tláhuac,202804,6497.377459,0,13042.9866
1990,Tláhuac,209013,6497.377459,0,13042.9866
1991,Tláhuac,218724.8,1752.177688,0,13042.9866
1992,Tláhuac,228436.6,1752.177688,0,13042.9866
1993,Tláhuac,238148.4,1752.177688,0,13042.9866
1994,Tláhuac,247860.2,1655.903901,0,13042.9866
1995,Tláhuac,257572,1655.903901,0,13042.9866
1996,Tláhuac,267814.8,1655.903901,0,13042.9866
1997,Tláhuac,278057.6,1655.903901,0,13042.9866
1998,Tláhuac,288300.4,1655.903901,0,13042.9866
1999,Tláhuac,298543.2,1655.903901,0,13042.9866
2000,Tláhuac,308786,1655.903901,0,13042.9866
2001,Tláhuac,315850,1655.903901,0,13042.9866
2002,Tláhuac,322914,1655.903901,0,13042.9866
2003,Tláhuac,329978,1655.903901,0,13042.9866
2004,Tláhuac,337042,1655.903901,0,13042.9866
2005,Tláhuac,344106,1655.903901,0,13042.9866
2006,Tláhuac,347337.8,1655.903901,0,13042.9866
2007,Tláhuac,350569.6,1655.903901,0,13042.9866
2008,Tláhuac,353801.4,1650.913611,0,13042.9866
2009,Tláhuac,357033.2,1650.913611,0,13042.9866
2010,Tláhuac,360265,1650.913611,0,13042.9866
2011,Tláhuac,361130.6,1650.913611,0,13042.9866
2012,Tláhuac,361996.2,900.9249377,5,13042.9866
2013,Tláhuac,362861.8,900.9249377,5,13042.9866
2014,Tláhuac,363727.4,900.9249377,5,13042.9866
2015,Tláhuac,364593,900.9249377,5,13042.9866
2016,Tláhuac,370137,900.9249377,5,13042.9866
2017,Tláhuac,375681,900.9249377,5,13042.9866
2018,Tláhuac,381225,900.9249377,5,13042.9866
2019,Tláhuac,386769,900.9249377,5,13042.9866
2020,Tláhuac,392313,900.9249377,5,13042.9866
2021,Tláhuac,397857,874.3731384,5,13042.9866
1969,Xochimilco,106394.2,3611.130013,0,17696.67227
1970,Xochimilco,116493,3376.415509,0,17696.67227
1971,Xochimilco,126591.8,3376.415509,0,17696.67227
1972,Xochimilco,136690.6,3376.415509,0,17696.67227
1973,Xochimilco,146789.4,3376.415509,0,17696.67227
1974,Xochimilco,156888.2,3376.415509,0,17696.67227
1975,Xochimilco,166987,3376.415509,0,17696.67227
1976,Xochimilco,177085.8,3376.415509,0,17696.67227
1977,Xochimilco,187184.6,3376.415509,0,17696.67227
1978,Xochimilco,197283.4,3376.415509,0,17696.67227
1979,Xochimilco,207382.2,3376.415509,0,17696.67227
1980,Xochimilco,217481,3376.415509,0,17696.67227
1981,Xochimilco,222246,3235.887493,0,17696.67227
1982,Xochimilco,227011,3185.316697,0,17696.67227
1983,Xochimilco,231776,3185.316697,0,17696.67227
1984,Xochimilco,236541,3185.316697,0,17696.67227
1985,Xochimilco,241306,3185.316697,0,17696.67227
1986,Xochimilco,246071,3185.316697,0,17696.67227
1987,Xochimilco,250836,3076.643598,0,17696.67227
1988,Xochimilco,255601,3076.643598,0,17696.67227
1989,Xochimilco,260366,3076.643598,0,17696.67227
1990,Xochimilco,265131,3076.643598,0,17696.67227
1991,Xochimilco,277562.8,2535.129111,0,17696.67227
1992,Xochimilco,289994.6,2535.129111,0,17696.67227
1993,Xochimilco,302426.4,2535.129111,0,17696.67227
1994,Xochimilco,314858.2,2036.59055,0,17696.67227
1995,Xochimilco,327290,2036.59055,0,17696.67227
1996,Xochimilco,333476.6,2036.59055,0,17696.67227
1997,Xochimilco,339663.2,2036.59055,0,17696.67227
1998,Xochimilco,345849.8,2036.59055,0,17696.67227
1999,Xochimilco,352036.4,2036.59055,0,17696.67227
2000,Xochimilco,358223,2036.59055,0,17696.67227
2001,Xochimilco,367470,2036.59055,0,17696.67227
2002,Xochimilco,376717,2036.59055,0,17696.67227
2003,Xochimilco,385964,2036.59055,0,17696.67227
2004,Xochimilco,395211,2036.59055,0,17696.67227
2005,Xochimilco,404458,2036.59055,0,17696.67227
2006,Xochimilco,406567.8,2036.59055,0,17696.67227
2007,Xochimilco,408677.6,2036.59055,0,17696.67227
2008,Xochimilco,410787.4,2036.25654,0,17696.67227
2009,Xochimilco,412897.2,2036.25654,0,17696.67227
2010,Xochimilco,415007,2036.25654,0,17696.67227
2011,Xochimilco,415192.2,2036.25654,0,17696.67227
2012,Xochimilco,415377.4,1421.758201,0,17696.67227
2013,Xochimilco,415562.6,1421.758201,0,17696.67227
2014,Xochimilco,415747.8,1421.758201,0,17696.67227
2015,Xochimilco,415933,1421.758201,0,17696.67227
2016,Xochimilco,421182,1421.758201,0,17696.67227
2017,Xochimilco,426431,1421.758201,0,17696.67227
2018,Xochimilco,431680,1421.758201,0,17696.67227
2019,Xochimilco,436929,1421.758201,0,17696.67227
2020,Xochimilco,442178,1266.262012,0,17696.67227
2021,Xochimilco,447427,937.3923263,4,17696.67227
1969,Benito Juárez,695660.1,846.9420666,0,2972.01485
1970,Benito Juárez,681953,532.4563988,5,2972.01485
1971,Benito Juárez,668245.9,532.4563988,5,2972.01485
1972,Benito Juárez,654538.8,532.4563988,5,2972.01485
1973,Benito Juárez,640831.7,532.4563988,5,2972.01485
1974,Benito Juárez,627124.6,532.4563988,5,2972.01485
1975,Benito Juárez,613417.5,532.4563988,5,2972.01485
1976,Benito Juárez,599710.4,532.4563988,5,2972.01485
1977,Benito Juárez,586003.3,532.4563988,5,2972.01485
1978,Benito Juárez,572296.2,532.4563988,5,2972.01485
1979,Benito Juárez,558589.1,532.4563988,5,2972.01485
1980,Benito Juárez,544882,408.2853513,9,2972.01485
1981,Benito Juárez,531174.9,408.2853513,9,2972.01485
1982,Benito Juárez,517467.8,408.2853513,9,2972.01485
1983,Benito Juárez,503760.7,361.7821663,10,2972.01485
1984,Benito Juárez,490053.6,361.7821663,10,2972.01485
1985,Benito Juárez,476346.5,334.0145734,13,2972.01485
1986,Benito Juárez,462639.4,334.0145734,13,2972.01485
1987,Benito Juárez,448932.3,317.6557399,13,2972.01485
1988,Benito Juárez,435225.2,303.7629453,13,2972.01485
1989,Benito Juárez,421518.1,303.7629453,13,2972.01485
1990,Benito Juárez,407811,303.7629453,13,2972.01485
1991,Benito Juárez,400240,303.7629453,13,2972.01485
1992,Benito Juárez,392669,303.7629453,13,2972.01485
1993,Benito Juárez,385098,303.7629453,13,2972.01485
1994,Benito Juárez,377527,303.7479439,13,2972.01485
1995,Benito Juárez,369956,303.7479439,13,2972.01485
1996,Benito Juárez,368060.4,303.7479439,13,2972.01485
1997,Benito Juárez,366164.8,303.7479439,13,2972.01485
1998,Benito Juárez,364269.2,303.7479439,13,2972.01485
1999,Benito Juárez,362373.6,303.7479439,13,2972.01485
2000,Benito Juárez,360478,303.7479439,13,2972.01485
2001,Benito Juárez,359385.8,303.7479439,13,2972.01485
2002,Benito Juárez,358293.6,303.7479439,13,2972.01485
2003,Benito Juárez,357201.4,303.7479439,13,2972.01485
2004,Benito Juárez,356109.2,303.7479439,13,2972.01485
2005,Benito Juárez,355017,265.3094622,23,2972.01485
2006,Benito Juárez,361101.4,265.3094622,23,2972.01485
2007,Benito Juárez,367185.8,265.3094622,23,2972.01485
2008,Benito Juárez,373270.2,206.4026609,30,2972.01485
2009,Benito Juárez,379354.6,206.4026609,30,2972.01485
2010,Benito Juárez,385439,206.4026609,30,2972.01485
2011,Benito Juárez,391834.4,206.336099,32,2972.01485
2012,Benito Juárez,398229.8,180.7706575,39,2972.01485
2013,Benito Juárez,404625.2,180.7706575,39,2972.01485
2014,Benito Juárez,411020.6,180.7706575,39,2972.01485
2015,Benito Juárez,417416,180.7706575,39,2972.01485
2016,Benito Juárez,420763.4,180.7706575,39,2972.01485
2017,Benito Juárez,424110.8,180.7706575,39,2972.01485
2018,Benito Juárez,427458.2,180.7706575,39,2972.01485
2019,Benito Juárez,430805.6,180.7706575,39,2972.01485
2020,Benito Juárez,434153,180.7706575,39,2972.01485
2021,Benito Juárez,437500.4,178.3818785,44,2972.01485
1969,Cuauhtémoc,1.06E+06,361.7680021,8,3945.344605
1970,Cuauhtémoc,1.03E+06,278.233174,24,3945.344605
1971,Cuauhtémoc,1.01E+06,278.233174,24,3945.344605
1972,Cuauhtémoc,990201.4,278.233174,24,3945.344605
1973,Cuauhtémoc,968299.1,278.233174,24,3945.344605
1974,Cuauhtémoc,946396.8,278.233174,24,3945.344605
1975,Cuauhtémoc,924494.5,278.233174,24,3945.344605
1976,Cuauhtémoc,902592.2,278.233174,24,3945.344605
1977,Cuauhtémoc,880689.9,278.233174,24,3945.344605
1978,Cuauhtémoc,858787.6,272.1221462,24,3945.344605
1979,Cuauhtémoc,836885.3,264.9715158,24,3945.344605
1980,Cuauhtémoc,814983,261.5248503,25,3945.344605
1981,Cuauhtémoc,793080.7,261.5248503,25,3945.344605
1982,Cuauhtémoc,771178.4,249.8107378,25,3945.344605
1983,Cuauhtémoc,749276.1,249.8107378,25,3945.344605
1984,Cuauhtémoc,727373.8,249.8107378,25,3945.344605
1985,Cuauhtémoc,705471.5,249.8107378,25,3945.344605
1986,Cuauhtémoc,683569.2,249.7098319,25,3945.344605
1987,Cuauhtémoc,661666.9,238.4846048,28,3945.344605
1988,Cuauhtémoc,639764.6,228.4623078,30,3945.344605
1989,Cuauhtémoc,617862.3,228.4623078,30,3945.344605
1990,Cuauhtémoc,595960,228.4623078,30,3945.344605
1991,Cuauhtémoc,584844.4,228.4623078,30,3945.344605
1992,Cuauhtémoc,573728.8,228.4623078,30,3945.344605
1993,Cuauhtémoc,562613.2,228.4623078,30,3945.344605
1994,Cuauhtémoc,551497.6,218.9624975,38,3945.344605
1995,Cuauhtémoc,540382,218.9624975,38,3945.344605
1996,Cuauhtémoc,535545.8,218.9624975,38,3945.344605
1997,Cuauhtémoc,530709.6,218.9624975,38,3945.344605
1998,Cuauhtémoc,525873.4,218.9624975,38,3945.344605
1999,Cuauhtémoc,521037.2,207.0498236,43,3945.344605
2000,Cuauhtémoc,516201,207.0498236,43,3945.344605
2001,Cuauhtémoc,517230.4,207.0498236,43,3945.344605
2002,Cuauhtémoc,518259.8,207.0498236,43,3945.344605
2003,Cuauhtémoc,519289.2,207.0498236,43,3945.344605
2004,Cuauhtémoc,520318.6,207.0498236,43,3945.344605
2005,Cuauhtémoc,521348,182.8486305,59,3945.344605
2006,Cuauhtémoc,523444.6,182.8486305,59,3945.344605
2007,Cuauhtémoc,525541.2,182.8486305,59,3945.344605
2008,Cuauhtémoc,527637.8,170.1422942,60,3945.344605
2009,Cuauhtémoc,529734.4,170.1422942,60,3945.344605
2010,Cuauhtémoc,531831,170.1422942,60,3945.344605
2011,Cuauhtémoc,531975.4,167.5543568,75,3945.344605
2012,Cuauhtémoc,532119.8,156.3917761,101,3945.344605
2013,Cuauhtémoc,532264.2,156.3917761,101,3945.344605
2014,Cuauhtémoc,532408.6,156.3917761,101,3945.344605
2015,Cuauhtémoc,532553,156.3917761,101,3945.344605
2016,Cuauhtémoc,535219.2,156.3917761,101,3945.344605
2017,Cuauhtémoc,537885.4,156.3917761,101,3945.344605
2018,Cuauhtémoc,540551.6,140.8347613,118,3945.344605
2019,Cuauhtémoc,543217.8,140.8347613,118,3945.344605
2020,Cuauhtémoc,545884,140.8347613,118,3945.344605
2021,Cuauhtémoc,548550.2,140.8347613,118,3945.344605
1969,Miguel Hidalgo,692875.4,2670.775642,0,7276.256864
1970,Miguel Hidalgo,679256,1702.311185,7,7276.256864
1971,Miguel Hidalgo,665636.6,1702.311185,7,7276.256864
1972,Miguel Hidalgo,652017.2,1203.002114,7,7276.256864
1973,Miguel Hidalgo,638397.8,1203.002114,7,7276.256864
1974,Miguel Hidalgo,624778.4,1203.002114,7,7276.256864
1975,Miguel Hidalgo,611159,1203.002114,7,7276.256864
1976,Miguel Hidalgo,597539.6,1203.002114,7,7276.256864
1977,Miguel Hidalgo,583920.2,1203.002114,7,7276.256864
1978,Miguel Hidalgo,570300.8,1203.002114,7,7276.256864
1979,Miguel Hidalgo,556681.4,1203.002114,7,7276.256864
1980,Miguel Hidalgo,543062,1203.002114,7,7276.256864
1981,Miguel Hidalgo,529442.6,1203.002114,7,7276.256864
1982,Miguel Hidalgo,515823.2,1203.002114,7,7276.256864
1983,Miguel Hidalgo,502203.8,1181.700656,7,7276.256864
1984,Miguel Hidalgo,488584.4,692.4465933,12,7276.256864
1985,Miguel Hidalgo,474965,690.9645801,14,7276.256864
1986,Miguel Hidalgo,461345.6,690.9645801,14,7276.256864
1987,Miguel Hidalgo,447726.2,690.9645801,14,7276.256864
1988,Miguel Hidalgo,434106.8,688.6107658,15,7276.256864
1989,Miguel Hidalgo,420487.4,688.6107658,15,7276.256864
1990,Miguel Hidalgo,406868,688.6107658,15,7276.256864
1991,Miguel Hidalgo,398374,688.6107658,15,7276.256864
1992,Miguel Hidalgo,389880,688.6107658,15,7276.256864
1993,Miguel Hidalgo,381386,688.6107658,15,7276.256864
1994,Miguel Hidalgo,372892,688.6107658,15,7276.256864
1995,Miguel Hidalgo,364398,688.6107658,15,7276.256864
1996,Miguel Hidalgo,362046.4,688.6107658,15,7276.256864
1997,Miguel Hidalgo,359694.8,688.6107658,15,7276.256864
1998,Miguel Hidalgo,357343.2,688.6107658,15,7276.256864
1999,Miguel Hidalgo,354991.6,688.6107658,15,7276.256864
2000,Miguel Hidalgo,352640,688.6107658,15,7276.256864
2001,Miguel Hidalgo,352818.8,688.6107658,15,7276.256864
2002,Miguel Hidalgo,352997.6,688.6107658,15,7276.256864
2003,Miguel Hidalgo,353176.4,688.6107658,15,7276.256864
2004,Miguel Hidalgo,353355.2,688.6107658,15,7276.256864
2005,Miguel Hidalgo,353534,687.5142045,15,7276.256864
2006,Miguel Hidalgo,357405,687.5142045,15,7276.256864
2007,Miguel Hidalgo,361276,687.5142045,15,7276.256864
2008,Miguel Hidalgo,365147,685.6279116,22,7276.256864
2009,Miguel Hidalgo,369018,685.6279116,22,7276.256864
2010,Miguel Hidalgo,372889,685.6279116,22,7276.256864
2011,Miguel Hidalgo,371199,685.6279116,22,7276.256864
2012,Miguel Hidalgo,369509,685.6279116,22,7276.256864
2013,Miguel Hidalgo,367819,685.6279116,22,7276.256864
2014,Miguel Hidalgo,366129,685.6279116,22,7276.256864
2015,Miguel Hidalgo,364439,685.6279116,22,7276.256864
2016,Miguel Hidalgo,374445.2,685.6279116,22,7276.256864
2017,Miguel Hidalgo,384451.4,685.6279116,22,7276.256864
2018,Miguel Hidalgo,394457.6,658.5984159,26,7276.256864
2019,Miguel Hidalgo,404463.8,658.5984159,26,7276.256864
2020,Miguel Hidalgo,414470,658.5984159,26,7276.256864
2021,Miguel Hidalgo,424476.2,658.5984159,26,7276.256864
1969,Venustiano Carranza,883490.8,571.2849267,8,13104.09377
1970,Venustiano Carranza,866164,571.2849267,8,13104.09377
1971,Venustiano Carranza,848837.2,571.2849267,8,13104.09377
1972,Venustiano Carranza,831510.4,571.2849267,8,13104.09377
1973,Venustiano Carranza,814183.6,571.2849267,8,13104.09377
1974,Venustiano Carranza,796856.8,571.2849267,8,13104.09377
1975,Venustiano Carranza,779530,571.2849267,8,13104.09377
1976,Venustiano Carranza,762203.2,571.2849267,8,13104.09377
1977,Venustiano Carranza,744876.4,571.2849267,8,13104.09377
1978,Venustiano Carranza,727549.6,571.2849267,8,13104.09377
1979,Venustiano Carranza,710222.8,571.2849267,8,13104.09377
1980,Venustiano Carranza,692896,571.2849267,8,13104.09377
1981,Venustiano Carranza,675569.2,394.4616584,16,13104.09377
1982,Venustiano Carranza,658242.4,382.4725981,18,13104.09377
1983,Venustiano Carranza,640915.6,382.4725981,18,13104.09377
1984,Venustiano Carranza,623588.8,381.7535225,19,13104.09377
1985,Venustiano Carranza,606262,381.7535225,19,13104.09377
1986,Venustiano Carranza,588935.2,381.7535225,19,13104.09377
1987,Venustiano Carranza,571608.4,346.3701458,25,13104.09377
1988,Venustiano Carranza,554281.6,346.3701458,25,13104.09377
1989,Venustiano Carranza,536954.8,346.3701458,25,13104.09377
1990,Venustiano Carranza,519628,346.3701458,25,13104.09377
1991,Venustiano Carranza,512827,264.5166343,25,13104.09377
1992,Venustiano Carranza,506026,264.5166343,25,13104.09377
1993,Venustiano Carranza,499225,264.5166343,25,13104.09377
1994,Venustiano Carranza,492424,262.4828643,25,13104.09377
1995,Venustiano Carranza,485623,262.4828643,25,13104.09377
1996,Venustiano Carranza,481059.6,262.4828643,25,13104.09377
1997,Venustiano Carranza,476496.2,262.4828643,25,13104.09377
1998,Venustiano Carranza,471932.8,262.4828643,25,13104.09377
1999,Venustiano Carranza,467369.4,234.9294158,30,13104.09377
2000,Venustiano Carranza,462806,234.4612588,30,13104.09377
2001,Venustiano Carranza,459736.6,234.4612588,30,13104.09377
2002,Venustiano Carranza,456667.2,234.4612588,30,13104.09377
2003,Venustiano Carranza,453597.8,234.4612588,30,13104.09377
2004,Venustiano Carranza,450528.4,234.4612588,30,13104.09377
2005,Venustiano Carranza,447459,234.4612588,30,13104.09377
2006,Venustiano Carranza,444162.8,234.4612588,30,13104.09377
2007,Venustiano Carranza,440866.6,234.4612588,30,13104.09377
2008,Venustiano Carranza,437570.4,230.0820568,30,13104.09377
2009,Venustiano Carranza,434274.2,230.0820568,30,13104.09377
2010,Venustiano Carranza,430978,230.0820568,30,13104.09377
2011,Venustiano Carranza,430235,230.0820568,30,13104.09377
2012,Venustiano Carranza,429492,222.1605638,41,13104.09377
2013,Venustiano Carranza,428749,210.2993071,46,13104.09377
2014,Venustiano Carranza,428006,210.2993071,46,13104.09377
2015,Venustiano Carranza,427263,210.2993071,46,13104.09377
2016,Venustiano Carranza,430551.2,210.2993071,46,13104.09377
2017,Venustiano Carranza,433839.4,210.2993071,46,13104.09377
2018,Venustiano Carranza,437127.6,210.2993071,46,13104.09377
2019,Venustiano Carranza,440415.8,210.2993071,46,13104.09377
2020,Venustiano Carranza,443704,209.5569713,50,13104.09377
2021,Venustiano Carranza,446992.2,208.8776435,51,13104.09377
1969,Cuajimalpa,30700,12926.41111,0,3640.804999
1970,Cuajimalpa,36200,11658.18174,0,3640.804999
1971,Cuajimalpa,41700,11658.18174,0,3640.804999
1972,Cuajimalpa,47200,10237.00493,0,3640.804999
1973,Cuajimalpa,52700,10237.00493,0,3640.804999
1974,Cuajimalpa,58200,10237.00493,0,3640.804999
1975,Cuajimalpa,63700,10237.00493,0,3640.804999
1976,Cuajimalpa,69200,10237.00493,0,3640.804999
1977,Cuajimalpa,74700,10237.00493,0,3640.804999
1978,Cuajimalpa,80200,10237.00493,0,3640.804999
1979,Cuajimalpa,85700,10237.00493,0,3640.804999
1980,Cuajimalpa,91200,10237.00493,0,3640.804999
1981,Cuajimalpa,93518.5,10237.00493,0,3640.804999
1982,Cuajimalpa,95837,10237.00493,0,3640.804999
1983,Cuajimalpa,98155.5,10237.00493,0,3640.804999
1984,Cuajimalpa,100474,8688.593039,0,3640.804999
1985,Cuajimalpa,102792.5,8688.593039,0,3640.804999
1986,Cuajimalpa,105111,8688.593039,0,3640.804999
1987,Cuajimalpa,107429.5,8688.593039,0,3640.804999
1988,Cuajimalpa,109748,8688.593039,0,3640.804999
1989,Cuajimalpa,112066.5,8688.593039,0,3640.804999
1990,Cuajimalpa,114385,8688.593039,0,3640.804999
1991,Cuajimalpa,118882.6,8688.593039,0,3640.804999
1992,Cuajimalpa,123380.2,8688.593039,0,3640.804999
1993,Cuajimalpa,127877.8,8688.593039,0,3640.804999
1994,Cuajimalpa,132375.4,8688.593039,0,3640.804999
1995,Cuajimalpa,136873,8688.593039,0,3640.804999
1996,Cuajimalpa,139742.8,8688.593039,0,3640.804999
1997,Cuajimalpa,142612.6,8688.593039,0,3640.804999
1998,Cuajimalpa,145482.4,8688.593039,0,3640.804999
1999,Cuajimalpa,148352.2,8688.593039,0,3640.804999
2000,Cuajimalpa,151222,8688.593039,0,3640.804999
2001,Cuajimalpa,155702.6,8688.593039,0,3640.804999
2002,Cuajimalpa,160183.2,8688.593039,0,3640.804999
2003,Cuajimalpa,164663.8,8688.593039,0,3640.804999
2004,Cuajimalpa,169144.4,8688.593039,0,3640.804999
2005,Cuajimalpa,173625,8688.593039,0,3640.804999
2006,Cuajimalpa,176178.2,8688.593039,0,3640.804999
2007,Cuajimalpa,178731.4,8688.593039,0,3640.804999
2008,Cuajimalpa,181284.6,8688.593039,0,3640.804999
2009,Cuajimalpa,183837.8,8688.593039,0,3640.804999
2010,Cuajimalpa,186391,8688.593039,0,3640.804999
2011,Cuajimalpa,188957.6,8688.593039,0,3640.804999
2012,Cuajimalpa,191524.2,8688.593039,0,3640.804999
2013,Cuajimalpa,194090.8,8688.593039,0,3640.804999
2014,Cuajimalpa,196657.4,8688.593039,0,3640.804999
2015,Cuajimalpa,199224,8688.593039,0,3640.804999
2016,Cuajimalpa,202916.4,8688.593039,0,3640.804999
2017,Cuajimalpa,206608.8,8688.593039,0,3640.804999
2018,Cuajimalpa,210301.2,8688.593039,0,3640.804999
2019,Cuajimalpa,213993.6,8688.593039,0,3640.804999
2020,Cuajimalpa,217686,8688.593039,0,3640.804999
2021,Cuajimalpa,221378.4,8688.593039,0,3640.804999
1969,Magdalena Contreras,65661.4,8388.374952,0,6611.208651
1970,Magdalena Contreras,75429,7100.842216,0,6611.208651
1971,Magdalena Contreras,85196.6,7100.842216,0,6611.208651
1972,Magdalena Contreras,94964.2,5711.845276,0,6611.208651
1973,Magdalena Contreras,104731.8,5711.845276,0,6611.208651
1974,Magdalena Contreras,114499.4,5711.845276,0,6611.208651
1975,Magdalena Contreras,124267,5711.845276,0,6611.208651
1976,Magdalena Contreras,134034.6,5711.845276,0,6611.208651
1977,Magdalena Contreras,143802.2,5711.845276,0,6611.208651
1978,Magdalena Contreras,153569.8,5711.845276,0,6611.208651
1979,Magdalena Contreras,163337.4,5711.845276,0,6611.208651
1980,Magdalena Contreras,173105,5711.845276,0,6611.208651
1981,Magdalena Contreras,175298.6,5711.845276,0,6611.208651
1982,Magdalena Contreras,177492.2,5711.845276,0,6611.208651
1983,Magdalena Contreras,179685.8,5711.845276,0,6611.208651
1984,Magdalena Contreras,181879.4,4659.765774,0,6611.208651
1985,Magdalena Contreras,184073,4659.765774,0,6611.208651
1986,Magdalena Contreras,186266.6,4659.765774,0,6611.208651
1987,Magdalena Contreras,188460.2,4659.765774,0,6611.208651
1988,Magdalena Contreras,190653.8,4659.765774,0,6611.208651
1989,Magdalena Contreras,192847.4,4659.765774,0,6611.208651
1990,Magdalena Contreras,195041,4659.765774,0,6611.208651
1991,Magdalena Contreras,198412.4,4659.765774,0,6611.208651
1992,Magdalena Contreras,201783.8,4659.765774,0,6611.208651
1993,Magdalena Contreras,205155.2,4659.765774,0,6611.208651
1994,Magdalena Contreras,208526.6,4659.765774,0,6611.208651
1995,Magdalena Contreras,211898,4659.765774,0,6611.208651
1996,Magdalena Contreras,213914.2,4659.765774,0,6611.208651
1997,Magdalena Contreras,215930.4,4659.765774,0,6611.208651
1998,Magdalena Contreras,217946.6,4659.765774,0,6611.208651
1999,Magdalena Contreras,219962.8,4659.765774,0,6611.208651
2000,Magdalena Contreras,221979,4659.765774,0,6611.208651
2001,Magdalena Contreras,223368.6,4659.765774,0,6611.208651
2002,Magdalena Contreras,224758.2,4659.765774,0,6611.208651
2003,Magdalena Contreras,226147.8,4659.765774,0,6611.208651
2004,Magdalena Contreras,227537.4,4659.765774,0,6611.208651
2005,Magdalena Contreras,228927,4659.765774,0,6611.208651
2006,Magdalena Contreras,230958.8,4659.765774,0,6611.208651
2007,Magdalena Contreras,232990.6,4659.765774,0,6611.208651
2008,Magdalena Contreras,235022.4,4659.765774,0,6611.208651
2009,Magdalena Contreras,237054.2,4659.765774,0,6611.208651
2010,Magdalena Contreras,239086,4659.765774,0,6611.208651
2011,Magdalena Contreras,240046,4659.765774,0,6611.208651
2012,Magdalena Contreras,241006,4659.765774,0,6611.208651
2013,Magdalena Contreras,241966,4659.765774,0,6611.208651
2014,Magdalena Contreras,242926,4659.765774,0,6611.208651
2015,Magdalena Contreras,243886,4659.765774,0,6611.208651
2016,Magdalena Contreras,244633.2,4659.765774,0,6611.208651
2017,Magdalena Contreras,245380.4,4659.765774,0,6611.208651
2018,Magdalena Contreras,246127.6,4659.765774,0,6611.208651
2019,Magdalena Contreras,246874.8,4659.765774,0,6611.208651
2020,Magdalena Contreras,247622,4659.765774,0,6611.208651
2021,Magdalena Contreras,248369.2,4659.765774,0,6611.208651
1969,Milpa Alta,31701.8,7134.879737,0,9337.687559
1970,Milpa Alta,33694,7134.879737,0,9337.687559
1971,Milpa Alta,35686.2,7134.879737,0,9337.687559
1972,Milpa Alta,37678.4,7134.879737,0,9337.687559
1973,Milpa Alta,39670.6,7134.879737,0,9337.687559
1974,Milpa Alta,41662.8,7134.879737,0,9337.687559
1975,Milpa Alta,43655,7134.879737,0,9337.687559
1976,Milpa Alta,45647.2,7134.879737,0,9337.687559
1977,Milpa Alta,47639.4,7134.879737,0,9337.687559
1978,Milpa Alta,49631.6,7134.879737,0,9337.687559
1979,Milpa Alta,51623.8,7134.879737,0,9337.687559
1980,Milpa Alta,53616,7134.879737,0,9337.687559
1981,Milpa Alta,54906.8,6583.377531,0,9337.687559
1982,Milpa Alta,56197.6,6583.377531,0,9337.687559
1983,Milpa Alta,57488.4,6583.377531,0,9337.687559
1984,Milpa Alta,58779.2,6583.377531,0,9337.687559
1985,Milpa Alta,60070,6583.377531,0,9337.687559
1986,Milpa Alta,61360.8,6583.377531,0,9337.687559
1987,Milpa Alta,62651.6,6430.373739,0,9337.687559
1988,Milpa Alta,63942.4,6430.373739,0,9337.687559
1989,Milpa Alta,65233.2,6430.373739,0,9337.687559
1990,Milpa Alta,66524,6430.373739,0,9337.687559
1991,Milpa Alta,70039.2,3277.613994,0,9337.687559
1992,Milpa Alta,73554.4,3277.613994,0,9337.687559
1993,Milpa Alta,77069.6,3277.613994,0,9337.687559
1994,Milpa Alta,80584.8,2963.790368,0,9337.687559
1995,Milpa Alta,84100,2963.790368,0,9337.687559
1996,Milpa Alta,87167.4,2963.790368,0,9337.687559
1997,Milpa Alta,90234.8,2963.790368,0,9337.687559
1998,Milpa Alta,93302.2,2963.790368,0,9337.687559
1999,Milpa Alta,96369.6,2963.790368,0,9337.687559
2000,Milpa Alta,99437,2963.790368,0,9337.687559
2001,Milpa Alta,102728.6,2963.790368,0,9337.687559
2002,Milpa Alta,106020.2,2963.790368,0,9337.687559
2003,Milpa Alta,109311.8,2963.790368,0,9337.687559
2004,Milpa Alta,112603.4,2963.790368,0,9337.687559
2005,Milpa Alta,115895,2963.790368,0,9337.687559
2006,Milpa Alta,118832.4,2963.790368,0,9337.687559
2007,Milpa Alta,121769.8,2963.790368,0,9337.687559
2008,Milpa Alta,124707.2,2963.7302,0,9337.687559
2009,Milpa Alta,127644.6,2963.7302,0,9337.687559
2010,Milpa Alta,130582,2963.7302,0,9337.687559
2011,Milpa Alta,132051,2963.7302,0,9337.687559
2012,Milpa Alta,133520,2075.581216,0,9337.687559
2013,Milpa Alta,134989,2075.581216,0,9337.687559
2014,Milpa Alta,136458,2075.581216,0,9337.687559
2015,Milpa Alta,137927,2075.581216,0,9337.687559
2016,Milpa Alta,140878.6,2075.581216,0,9337.687559
2017,Milpa Alta,143830.2,2075.581216,0,9337.687559
2018,Milpa Alta,146781.8,2075.581216,0,9337.687559
2019,Milpa Alta,149733.4,2075.581216,0,9337.687559
2020,Milpa Alta,152685,2075.581216,0,9337.687559
2021,Milpa Alta,155636.6,2048.884523,0,9337.687559
1969,Álvaro Obregón,438458.6,,0,
1970,Álvaro Obregón,456709,,0,
1971,Álvaro Obregón,474959.4,,0,
1972,Álvaro Obregón,493209.8,,1,
1973,Álvaro Obregón,511460.2,,1,
1974,Álvaro Obregón,529710.6,,1,
1975,Álvaro Obregón,547961,,1,
1976,Álvaro Obregón,566211.4,,1,
1977,Álvaro Obregón,584461.8,,1,
1978,Álvaro Obregón,602712.2,,1,
1979,Álvaro Obregón,620962.6,,1,
1980,Álvaro Obregón,639213,,1,
1981,Álvaro Obregón,639366.6,,1,
1982,Álvaro Obregón,639520.2,,1,
1983,Álvaro Obregón,639673.8,,2,
1984,Álvaro Obregón,639827.4,,2,
1985,Álvaro Obregón,639981,,3,
1986,Álvaro Obregón,640134.6,,3,
1987,Álvaro Obregón,640288.2,,3,
1988,Álvaro Obregón,640441.8,,3,
1989,Álvaro Obregón,640595.4,,3,
1990,Álvaro Obregón,640749,,3,
1991,Álvaro Obregón,647985.2,,3,
1992,Álvaro Obregón,655221.4,,3,
1993,Álvaro Obregón,662457.6,,3,
1994,Álvaro Obregón,669693.8,,3,
1995,Álvaro Obregón,676930,,3,
1996,Álvaro Obregón,678900.6,,3,
1997,Álvaro Obregón,680871.2,,3,
1998,Álvaro Obregón,682841.8,,3,
1999,Álvaro Obregón,684812.4,,3,
2000,Álvaro Obregón,686783,,3,
2001,Álvaro Obregón,690739.8,,3,
2002,Álvaro Obregón,694696.6,,3,
2003,Álvaro Obregón,698653.4,,3,
2004,Álvaro Obregón,702610.2,,3,
2005,Álvaro Obregón,706567,,8,
2006,Álvaro Obregón,710660.4,,8,
2007,Álvaro Obregón,714753.8,,8,
2008,Álvaro Obregón,718847.2,,8,
2009,Álvaro Obregón,722940.6,,8,
2010,Álvaro Obregón,727034,,8,
2011,Álvaro Obregón,731623.6,,8,
2012,Álvaro Obregón,736213.2,,8,
2013,Álvaro Obregón,740802.8,,8,
2014,Álvaro Obregón,745392.4,,8,
2015,Álvaro Obregón,749982,,8,
2016,Álvaro Obregón,751813,,8,
2017,Álvaro Obregón,753644,,8,
2018,Álvaro Obregón,755475,,8,
2019,Álvaro Obregón,757306,,8,
2020,Álvaro Obregón,759137,,8,
2021,Álvaro Obregón,760968,,8,